/*
 Navicat Premium Data Transfer

 Source Server         : local
 Source Server Type    : MySQL
 Source Server Version : 50614
 Source Host           : localhost
 Source Database       : first_blog

 Target Server Type    : MySQL
 Target Server Version : 50614
 File Encoding         : utf-8

 Date: 03/13/2014 23:30:11 PM
*/

SET NAMES utf8;
SET FOREIGN_KEY_CHECKS = 0;

-- ----------------------------
--  Table structure for `auth_group`
-- ----------------------------
DROP TABLE IF EXISTS `auth_group`;
CREATE TABLE `auth_group` (
  `id` int(11) NOT NULL AUTO_INCREMENT,
  `name` varchar(80) COLLATE utf8_unicode_ci NOT NULL,
  PRIMARY KEY (`id`),
  UNIQUE KEY `name` (`name`)
) ENGINE=InnoDB DEFAULT CHARSET=utf8 COLLATE=utf8_unicode_ci ROW_FORMAT=COMPACT;

-- ----------------------------
--  Table structure for `auth_group_permissions`
-- ----------------------------
DROP TABLE IF EXISTS `auth_group_permissions`;
CREATE TABLE `auth_group_permissions` (
  `id` int(11) NOT NULL AUTO_INCREMENT,
  `group_id` int(11) NOT NULL,
  `permission_id` int(11) NOT NULL,
  PRIMARY KEY (`id`),
  UNIQUE KEY `group_id` (`group_id`,`permission_id`),
  KEY `auth_group_permissions_5f412f9a` (`group_id`),
  KEY `auth_group_permissions_83d7f98b` (`permission_id`),
  CONSTRAINT `group_id_refs_id_f4b32aac` FOREIGN KEY (`group_id`) REFERENCES `auth_group` (`id`),
  CONSTRAINT `permission_id_refs_id_6ba0f519` FOREIGN KEY (`permission_id`) REFERENCES `auth_permission` (`id`)
) ENGINE=InnoDB DEFAULT CHARSET=utf8 COLLATE=utf8_unicode_ci ROW_FORMAT=COMPACT;

-- ----------------------------
--  Table structure for `auth_permission`
-- ----------------------------
DROP TABLE IF EXISTS `auth_permission`;
CREATE TABLE `auth_permission` (
  `id` int(11) NOT NULL AUTO_INCREMENT,
  `name` varchar(50) COLLATE utf8_unicode_ci NOT NULL,
  `content_type_id` int(11) NOT NULL,
  `codename` varchar(100) COLLATE utf8_unicode_ci NOT NULL,
  PRIMARY KEY (`id`),
  UNIQUE KEY `content_type_id` (`content_type_id`,`codename`),
  KEY `auth_permission_37ef4eb4` (`content_type_id`),
  CONSTRAINT `content_type_id_refs_id_d043b34a` FOREIGN KEY (`content_type_id`) REFERENCES `django_content_type` (`id`)
) ENGINE=InnoDB AUTO_INCREMENT=53 DEFAULT CHARSET=utf8 COLLATE=utf8_unicode_ci ROW_FORMAT=COMPACT;

-- ----------------------------
--  Records of `auth_permission`
-- ----------------------------
BEGIN;
INSERT INTO `auth_permission` VALUES ('1', 'Can add permission', '1', 'add_permission'), ('2', 'Can change permission', '1', 'change_permission'), ('3', 'Can delete permission', '1', 'delete_permission'), ('4', 'Can add group', '2', 'add_group'), ('5', 'Can change group', '2', 'change_group'), ('6', 'Can delete group', '2', 'delete_group'), ('7', 'Can add user', '3', 'add_user'), ('8', 'Can change user', '3', 'change_user'), ('9', 'Can delete user', '3', 'delete_user'), ('10', 'Can add content type', '4', 'add_contenttype'), ('11', 'Can change content type', '4', 'change_contenttype'), ('12', 'Can delete content type', '4', 'delete_contenttype'), ('13', 'Can add session', '5', 'add_session'), ('14', 'Can change session', '5', 'change_session'), ('15', 'Can delete session', '5', 'delete_session'), ('16', 'Can add site', '6', 'add_site'), ('17', 'Can change site', '6', 'change_site'), ('18', 'Can delete site', '6', 'delete_site'), ('19', 'Can add log entry', '7', 'add_logentry'), ('20', 'Can change log entry', '7', 'change_logentry'), ('21', 'Can delete log entry', '7', 'delete_logentry'), ('22', 'Can add post', '8', 'add_post'), ('23', 'Can change post', '8', 'change_post'), ('24', 'Can delete post', '8', 'delete_post'), ('25', 'Can add page', '9', 'add_page'), ('26', 'Can change page', '9', 'change_page'), ('27', 'Can delete page', '9', 'delete_page'), ('28', 'Can add Иллюстрация', '10', 'add_photo'), ('29', 'Can change Иллюстрация', '10', 'change_photo'), ('30', 'Can delete Иллюстрация', '10', 'delete_photo'), ('34', 'Can add review', '12', 'add_review'), ('35', 'Can change review', '12', 'change_review'), ('36', 'Can delete review', '12', 'delete_review'), ('37', 'Can add Специалисты', '13', 'add_expert'), ('38', 'Can change Специалисты', '13', 'change_expert'), ('39', 'Can delete Специалисты', '13', 'delete_expert'), ('40', 'Can add comment', '14', 'add_comment'), ('41', 'Can change comment', '14', 'change_comment'), ('42', 'Can delete comment', '14', 'delete_comment'), ('43', 'Can moderate comments', '14', 'can_moderate'), ('44', 'Can add comment flag', '15', 'add_commentflag'), ('45', 'Can change comment flag', '15', 'change_commentflag'), ('46', 'Can delete comment flag', '15', 'delete_commentflag'), ('47', 'Can add migration history', '16', 'add_migrationhistory'), ('48', 'Can change migration history', '16', 'change_migrationhistory'), ('49', 'Can delete migration history', '16', 'delete_migrationhistory'), ('50', 'Can add Email', '17', 'add_mail'), ('51', 'Can change Email', '17', 'change_mail'), ('52', 'Can delete Email', '17', 'delete_mail');
COMMIT;

-- ----------------------------
--  Table structure for `auth_user`
-- ----------------------------
DROP TABLE IF EXISTS `auth_user`;
CREATE TABLE `auth_user` (
  `id` int(11) NOT NULL AUTO_INCREMENT,
  `password` varchar(128) COLLATE utf8_unicode_ci NOT NULL,
  `last_login` datetime NOT NULL,
  `is_superuser` tinyint(1) NOT NULL,
  `username` varchar(30) COLLATE utf8_unicode_ci NOT NULL,
  `first_name` varchar(30) COLLATE utf8_unicode_ci NOT NULL,
  `last_name` varchar(30) COLLATE utf8_unicode_ci NOT NULL,
  `email` varchar(75) COLLATE utf8_unicode_ci NOT NULL,
  `is_staff` tinyint(1) NOT NULL,
  `is_active` tinyint(1) NOT NULL,
  `date_joined` datetime NOT NULL,
  PRIMARY KEY (`id`),
  UNIQUE KEY `username` (`username`)
) ENGINE=InnoDB AUTO_INCREMENT=3 DEFAULT CHARSET=utf8 COLLATE=utf8_unicode_ci ROW_FORMAT=COMPACT;

-- ----------------------------
--  Records of `auth_user`
-- ----------------------------
BEGIN;
INSERT INTO `auth_user` VALUES ('1', 'pbkdf2_sha256$10000$FUYPEHAVxnV5$iJvb6pVX1tsMRiAfAC3epzImOPH+qVtAvYcpNHX+pQY=', '2014-03-04 07:47:11', '1', 'admin', '', '', 'admin@example.com', '1', '1', '2013-10-03 16:00:16'), ('2', 'pbkdf2_sha256$10000$oznxshGwBOaz$D7VcEq8M04GGTGxyG1ogg3cve8b1Zplf4iCOwSa52t0=', '2013-12-15 07:26:07', '0', 'bodyday', 'Сергей', 'Корябин', 'koryabins@mail.ru', '1', '1', '2013-11-11 17:12:12');
COMMIT;

-- ----------------------------
--  Table structure for `auth_user_groups`
-- ----------------------------
DROP TABLE IF EXISTS `auth_user_groups`;
CREATE TABLE `auth_user_groups` (
  `id` int(11) NOT NULL AUTO_INCREMENT,
  `user_id` int(11) NOT NULL,
  `group_id` int(11) NOT NULL,
  PRIMARY KEY (`id`),
  UNIQUE KEY `user_id` (`user_id`,`group_id`),
  KEY `auth_user_groups_6340c63c` (`user_id`),
  KEY `auth_user_groups_5f412f9a` (`group_id`),
  CONSTRAINT `group_id_refs_id_274b862c` FOREIGN KEY (`group_id`) REFERENCES `auth_group` (`id`),
  CONSTRAINT `user_id_refs_id_40c41112` FOREIGN KEY (`user_id`) REFERENCES `auth_user` (`id`)
) ENGINE=InnoDB DEFAULT CHARSET=utf8 COLLATE=utf8_unicode_ci ROW_FORMAT=COMPACT;

-- ----------------------------
--  Table structure for `auth_user_user_permissions`
-- ----------------------------
DROP TABLE IF EXISTS `auth_user_user_permissions`;
CREATE TABLE `auth_user_user_permissions` (
  `id` int(11) NOT NULL AUTO_INCREMENT,
  `user_id` int(11) NOT NULL,
  `permission_id` int(11) NOT NULL,
  PRIMARY KEY (`id`),
  UNIQUE KEY `user_id` (`user_id`,`permission_id`),
  KEY `auth_user_user_permissions_6340c63c` (`user_id`),
  KEY `auth_user_user_permissions_83d7f98b` (`permission_id`),
  CONSTRAINT `permission_id_refs_id_35d9ac25` FOREIGN KEY (`permission_id`) REFERENCES `auth_permission` (`id`),
  CONSTRAINT `user_id_refs_id_4dc23c39` FOREIGN KEY (`user_id`) REFERENCES `auth_user` (`id`)
) ENGINE=InnoDB AUTO_INCREMENT=13 DEFAULT CHARSET=utf8 COLLATE=utf8_unicode_ci ROW_FORMAT=COMPACT;

-- ----------------------------
--  Records of `auth_user_user_permissions`
-- ----------------------------
BEGIN;
INSERT INTO `auth_user_user_permissions` VALUES ('4', '2', '22'), ('5', '2', '23'), ('6', '2', '24'), ('7', '2', '25'), ('8', '2', '26'), ('9', '2', '27'), ('10', '2', '28'), ('11', '2', '29'), ('12', '2', '30'), ('1', '2', '34'), ('2', '2', '35'), ('3', '2', '36');
COMMIT;

-- ----------------------------
--  Table structure for `blog_page`
-- ----------------------------
DROP TABLE IF EXISTS `blog_page`;
CREATE TABLE `blog_page` (
  `id` int(11) NOT NULL AUTO_INCREMENT,
  `title` varchar(255) COLLATE utf8_unicode_ci NOT NULL,
  `datetime` datetime NOT NULL,
  `content` longtext COLLATE utf8_unicode_ci NOT NULL,
  `image` varchar(100) COLLATE utf8_unicode_ci NOT NULL,
  `main_page_choice` varchar(7) COLLATE utf8_unicode_ci NOT NULL,
  `description` varchar(255) COLLATE utf8_unicode_ci NOT NULL,
  `slug` varchar(50) COLLATE utf8_unicode_ci NOT NULL,
  `keywords` varchar(255) COLLATE utf8_unicode_ci NOT NULL,
  PRIMARY KEY (`id`),
  KEY `blog_page_f52cfca0` (`slug`)
) ENGINE=InnoDB AUTO_INCREMENT=5 DEFAULT CHARSET=utf8 COLLATE=utf8_unicode_ci ROW_FORMAT=COMPACT;

-- ----------------------------
--  Records of `blog_page`
-- ----------------------------
BEGIN;
INSERT INTO `blog_page` VALUES ('1', 'Массаж в Москве', '2013-10-03 21:03:20', '<h2>Актуальность массажа в  Москве</h2>\r\n<p>Жители больших городов следуют стремительному ритму жизни, бурлящей подобно горному потоку. Лавина информации. Негативные, по большей части, эмоции. Стрессы, неврозы, мигрени и невозможность расслабится.<br />\r\nКроме психологического давления городской человек испытывает на себе самые разнообразные вредные факторы: пыль, шум, смог, электромагнитные поля, инфекции, малоподвижный образ жизни, &quot;пустая&quot; пища. Вспомните, когда в последний раз вы испытывали полный покой и релаксацию?</p>\r\n\r\n<p><br />\r\nВо всём мире люди находятся в поисках способа, способного сохранить здоровье и вылечить недуги, избавить от водоворота мыслей в голове. Процедура массажа является одним из таких способов. По статистике <strong>массаж в Москве</strong> применяют сотни тысяч людей с нервными расстройствами, хроническими болями в спине и шее, головными болями, синдромом офисного работника и другими не менее серьезными патологиями нуждаются в лечении. Именно массаж эффективен в таких случаях, так как заботливые руки специалиста лечат человека как целое, а не как безличный недуг.</p>\r\n<div class=\"inside_content\">\r\n	<strong>3 причины:</strong>\r\n	<div class=\"left\">\r\n		<img src=\"\" alt=\"\">\r\n		<h4>Скорое восстановление физического состояния.</h4>\r\n		<p>Благодаря массажу всех групп утомленных мышц, улучшается кровообращение, повышается тонс и нормализуется психическое состояние за счет улучшения циркуляции кровообращения.</p>\r\n	</div>\r\n	<div>\r\n		<img src=\"\" alt=\"\">\r\n		<h4>Открывается 2 дыхание.</h4>\r\n		<p>Доказанно что люди, регулярно уделяющие внимание отдыху и физическому состоянию в несколько раз повышают свою эффективность на работе и за более короткий срок выполняют поставленные задачи.</p>\r\n	</div>\r\n	<div>\r\n		<img src=\"\" alt=\"\">\r\n		<h4>Улучшение мироощущения</h4>\r\n		<p>Хороший массаж способствует выделению большого колличества энодорфинов, вызывающих состояние счастья. Люди с позитивным мироощущением гораздо быстрее привлекают к себе внимание и достигают успеха.</p>\r\n	</div>\r\n</div>\r\n<p><br />\r\nКосметический или лечебный массаж отзывы оставляет, как о методе с впечатляющим эффектом. Многие люди не представляют свою жизнь без такого приятного метода лечения, описания которого встречаются даже в древних текстах со всех уголков планеты. Метод описан много веков назад. Еще древние целители Востока считали, что все болезни проникают и покидают тело через кожу. И если недуг смог проникнуть в организм, то массаж поможет справиться с этим.</p>\r\n\r\n<h3>Массаж как профилактика заболеваний в Москве</h3>\r\n<p><br />\r\nМассаж - эффективное средство лечения и профилактики заболеваний опорно-двигательного аппарата. Массаж спины в сочетании с таким методом как мануальная терапия помогает избавиться от симптомов остеохондроза, который является бичом современного человека. Эти симптомы все хорошо знают: боли в шее, головные боли, боли в спине и пояснично-крестцовой области. В запущенных случаях боли начинают отдавать в ноги. Заболевание склонно к прогрессированию и частым рецидивам.</p>\r\n\r\n<p><br />\r\nЭто отличный метод поддержания здоровья и красоты для прекрасного пола. Женщины давно оценили антицеллюлитный массаж, как самое лучшее средство для борьбы с пресловутым эффектом апельсиновой корки. Интенсивное целевое воздействие на подкожные жировые отложения позволяет добиться видимого эффекта уже через несколько сеансов. В комбинации с общим расслабляющим массажем благотворному воздействию подвергается не только тело, но и разум.</p>\r\n\r\n<h5>Подробнее о расслабляющем эффекте массажа.</h5>\r\n<p><br />\r\nО расслабляющем эффекте массажа хотелось бы сказать больше. Благодаря рефлекторному воздействию на биологически активные точки во время массажа стимулируется выработка дофамина и серотонина в головном мозгу. Эти гормоны играют важную роль в процессах мышления, но из-за постоянного стресса их продукция и баланс в центральной нервной системе могут нарушаться. При этом часто развивается депрессия и невроз. Особенно благотворно влияет на настроение массаж в осенне-зимний период. Это много лучше, чем принимать антидепрессанты.</p>\r\n\r\n<p><br />\r\nМногие знатоки сравнивают массаж с медитацией - состоянием, свободным от тревоги и негативных мыслей. Во время качественного сеанса массажа чувствуется, как заботы и волнения покидают вас. А физическое воздействие на все группы мышц в теле расслабляет как ничто другое. Многие сравнивают этот эффект с полётом или невесомостью. Самостоятельный массаж на дому такого чувства не даст.</p>\r\n\r\n<p><br />\r\nСделайте себе подарок в виде массажа и вы не пожалеете.</p>\r\n<noindex>\r\n<p><a href=\"http://text.ru/text_check/result/529ef4f3e1ef5\" rel=\"nofollow\" target=\"_blank\"><img alt=\"TEXT.RU - 100.00%\" border=\"0\" height=\"31\" src=\"http://text.ru/image/get/529ef4f3e1ef5/1\" title=\"Текст на данной странице является первоисточником. Уникальность данного текста зафиксирована через TEXT.RU 04.12.2013\" width=\"88\" /></a></p>\r\n</noindex>\r\n\r\n<p>&nbsp;</p>\r\n', 'Page_thumb/depositphotos_13539496-Massage-therapy.jpg', 'main', 'обязательно приходите к нам', 'massazh-v-moskve', ''), ('2', 'Массаж на дому', '2013-10-03 21:04:12', '<p>После трудного дня многие не могут расслабиться, избавиться от забот, связанных с работой. Всем знакомо чувство, когда после насыщенной событиями недели в голове продолжают мелькать отдельные моменты. Зачастую они имеют негативное значение, нервируют. Ко всему прочему досаждают боли в спине, ногах, шее. А уж ноющие боли в ступнях ног испытывали все. Что делать в таких случаях?</p>\r\n\r\n<p><br />\r\nЗнающие сразу отвечают на этот вопрос предложением посетить массажный кабинет. Профессиональный массаж от хорошего специалиста в таких ситуациях действительно творит чудеса. Это отличный и эффективный способ снять напряжение и мышечную боль, расслабить нервы, снять усталость.</p>\r\n\r\n<p><br />\r\nНо, у нас не всегда есть возможность и силы добраться до кабинета специалиста. В таком случае возможен массаж с выездом на дом. Это хорошая альтернатива личного посещения массажиста. Преимущества такого варианта очевидны: не нужно выходить из дома, рисковать вероятным простоем в пробке, нет необходимости ждать своей очереди.</p>\r\n\r\n<p><br />\r\nОдин из самых значимых плюсов, которые предлагает массаж на дому, это отсутствие необходимости добираться до дома. После длительного глубокого массажа это настоящее наказание, которое портит всё впечатление от процедуры. Массаж активизирует функцию выделительной системы, которая работает в форсированном режиме для выведения токсинов и продуктов обмена веществ. Он согревает тело, улучшает кровообращение. Расслабляет мышцы, успокаивает нервную систему. Человека клонит в сон, и после массажа несколько часов здорового сна являются частью удовольствия.</p>\r\n\r\n<p><br />\r\nПредставим обратную картину: после массажа вам необходимо собрать всю волю в кулак, выйти на улицу (хорошо, если лето, а не -30) и добраться до дома. Тут организм начинает подавать сигналы физиологической необходимости, но именно сейчас вы попадаете... да, именно в автомобильную пробку. Эффекты массажа безнадёжно выброшены на обочину.</p>\r\n\r\n<p><br />\r\nСпециалисты рекомендуют после сеанса массажа выпить чаю на травах, послушать музыку, расслабиться. Теплая постель будет приятным завершением дня или недели. На следующий день вы будете в образцовом состоянии. Не правда ли, теперь вам всегда будет нужен именно частный массаж на дому.</p>\r\n\r\n<p><br />\r\nНе менее эффективный вариант процедуры - самомассаж. Однако, в этом случае вам придётся хорошенько потрудиться над собой. Для самостоятельного массажа доступны практически все части тела, за исключением спины. Но, чтобы добраться до труднодоступных мест и снизить физическую нагрузку, можно использовать аппаратный массаж. Качественный вибромассажёр со сменными насадками очень полезная вещь дома и в офисе. Плюс такой процедуры - физическая нагрузка помогает сжечь ненужные калории.</p>\r\n\r\n<p><br />\r\nЖелательно освоить основные приёмы массажа: поглаживание, растирание, разминание, потряхивания и поколачивания.<br />\r\nПравила проведения самомассажа те же: движемся от периферии к центру, последовательно, постепенно. Не нужно перескакивать от головы к ногам. На каждый участок уделяем по 3-5 минут, в зависимости от вашей физической подготовки.</p>\r\n\r\n<p><br />\r\nСамомассаж - эффективная процедура, как часть ежедневных тренировок или утренней зарядки.</p>\r\n\r\n<p><br />\r\nКонечно, не стоит сравнивать эстетическое удовлетворение от самомассажа и работу высококлассного профессионала. Особенно, если эта процедура делается у вас дома.</p>\r\n\r\n<noindex><p><a rel=\"nofollow\" href=\"http://text.ru/text_check/result/529efd8404ee2\" target=\"_blank\"><img alt=\"TEXT.RU - 100.00%\" border=\"0\" height=\"31\" src=\"http://text.ru/image/get/529efd8404ee2/1\" title=\"Текст на данной странице является первоисточником. Уникальность данного текста зафиксирована через TEXT.RU 04.12.2013\" width=\"88\" /></a></p></noindex>\r\n', 'Page_thumb/depositphotos_29741323-massage-oil.jpg', 'main', 'Советы, преимущества, результаты', 'massazh-na-domu', ''), ('3', 'Мануальная терапия', '2013-10-03 21:04:40', '<p>Мануальная терапия (от manus - рука) - метод лечения заболеваний опорно-двигательного аппарата с помощью непосредственного физического воздействия на тело пациента. В основе мануальной терапии лежат принципы остеопатии. Остеопатия - принцип лечения заболеваний, заключающийся в том, что из-за нарушения анатомии нарушается и функция больного органа. Что это значит?<br />\r\n<br />\r\nКаждый человек знает, что если сломать ногу, ходить он уже не сможет. Помочь может только физическое восстановление целостности кости. Никакие таблетки перелом не лечат. Допустим, у человека боли в спине из-за смещения позвонков относительно друг друга. Опять-таки, указанные нарушения нормального анатомического соотношения и строения невозможно излечить уколами или другими лекарствами. Единственно возможным способом является физическое воздействие на позвоночный столб в целом, и на смещённый сегмент в частности. Что и делает мануальный терапевт. С помощью точно рассчитанного физического усилия он устраняет смещение позвонков, восстанавливая нормальное их положение. Что это даёт?<br />\r\n<br />\r\nИзвестно, что при возникновении проблем с позвоночником организм пытается компенсировать патологию. Для этого в работу включается группа глубоких мышц спины и позвоночника. Однако на длительную работу они не рассчитаны. По этой причине мышцы быстро утомляются, спазмируются, что приводит к нарушению кровообращения и боли. Мануальная терапия позвоночника быстро снимает этот спазм. Кроме этого, мануальная терапия улучшает кровообращение. Восстановление нормальных анатомических отношений позвоночного двигательного сегмента способствует правильному распределению нагрузки, что благоприятно сказывается на общем состоянии.<br />\r\n<br />\r\nЕсли у пациента, к примеру, самые распространённые заболевания позвоночника - остеохондроз и межпозвоночная грыжа мануальная терапия с успехом справляется и с тем и с другим. Однако следует помнить, что любой метод лечения способен как помочь, вылечить заболевание, так и навредить, ухудшить состояние и усилить проявление симптомов. По этой причине нельзя доверять своё здоровье мало знакомым специалистам. Неправильное выполнение процедур мануальной терапии может нанести больше вреда, чем пользы. Поэтому мануальная терапия в Москве и других городах - очень популярная медицинская процедура, при условии выполнения ее квалифицированным медицинским работником.<br />\r\n<br />\r\nСледует помнить, что:<br />\r\n<br />\r\nМануальная терапия является физическим воздействием на тело. Если во время процедуры вы будете инстинктивно напрягаться, сопротивляться воздействию - эффективность будет ниже. Возможно травмирование.<br />\r\nЦелью процедуры не является &quot;выжимание&quot; из пациента только щелчков и хруста. Громкость их не является показателем успеха.<br />\r\nМассаж, мануальная терапия, физиотерапия и ЛФК вместе - мощнейшее оружие против заболеваний опорно-двигательного аппарата. Но, если после полученного лечения вы будете продолжать вести малоподвижный образ жизни, нагружать позвоночник - эффект будет временный. Метод может привести позвоночный столб в порядок, но закрепить эффект может только пациент в результате простых упражнений.<br />\r\nКак и любой другой метод лечения, мануальная терапия имеет противопоказания.<br />\r\nЛучше получать процедуры мануальной терапии на дому или другом удобном месте, что позволит после лечения немного отдохнуть, чтобы не сразу давать полную нагрузку на позвоночник. Особенно вредно для спины долго сидеть, так как при этом нагрузка на позвоночник может превышать 140% от той, что действует, когда человек просто стоит.</p>\r\n\r\n<noindex><p><a rel=\"nofollow\" href=\"http://text.ru/text_check/result/529eede3f28f7\" target=\"_blank\"><img alt=\"TEXT.RU - 100.00%\" border=\"0\" height=\"31\" src=\"http://text.ru/image/get/529eede3f28f7/1\" title=\"Текст на данной странице является первоисточником. Уникальность данного текста зафиксирована через TEXT.RU 04.12.2013\" width=\"88\" /></a></p></noindex>\r\n', 'Page_thumb/manual.jpg', 'main', 'лечение остиопатии', 'manualnaya-terapiya', ''), ('4', 'Контакты', '2013-10-09 13:13:56', '<h2>Предлагаю услуги массажа и мануальной терапии на дому.</h2>\r\n\r\n<h3>Сергей Константинович Корябин Частный массажист с медицинским образованием.</h3>\r\n\r\n<p>Имею опыт работы в медицинских центрах и салонах красоты. Специализируюсь в области мануальной терапии, проведения лечебного массажа при заболеваниях опорно-двигательного аппарата (сколиоз, остеохондроз, межпозвонковая грыжа, радикулит), сердечно-сосудистой системы (варикоз, отечность), а также лечения целлюлита.</p>\r\n\r\n<p>Применяю в основном ручные техники, но при необходимости и желании пациента использую баночный массаж и различные обертывания. Успешно практикую оздоровительный, лимфодренажный, антицеллюлитный, общий релаксирующий, медовый массаж.</p>\r\n\r\n<p>тел. 8-965-408-38-01, 8-926-088-57-80.</p>\r\n', 'Page_thumb/sergei2.jpg', 'notmain', '', 'kontakty', '');
COMMIT;

-- ----------------------------
--  Table structure for `blog_post`
-- ----------------------------
DROP TABLE IF EXISTS `blog_post`;
CREATE TABLE `blog_post` (
  `id` int(11) NOT NULL AUTO_INCREMENT,
  `title` varchar(255) COLLATE utf8_unicode_ci NOT NULL,
  `datetime` datetime NOT NULL,
  `content` longtext COLLATE utf8_unicode_ci NOT NULL,
  `image` varchar(100) COLLATE utf8_unicode_ci NOT NULL,
  `main_post_choice` varchar(7) COLLATE utf8_unicode_ci NOT NULL,
  `slug` varchar(50) COLLATE utf8_unicode_ci NOT NULL,
  `description` varchar(255) COLLATE utf8_unicode_ci NOT NULL,
  `keywords` varchar(255) COLLATE utf8_unicode_ci NOT NULL,
  PRIMARY KEY (`id`),
  KEY `blog_post_f52cfca0` (`slug`)
) ENGINE=InnoDB AUTO_INCREMENT=9 DEFAULT CHARSET=utf8 COLLATE=utf8_unicode_ci ROW_FORMAT=COMPACT;

-- ----------------------------
--  Records of `blog_post`
-- ----------------------------
BEGIN;
INSERT INTO `blog_post` VALUES ('1', 'Немного о массаже', '2013-10-03 16:03:57', '<p>Это удивительный способ лечения и предупреждения болезней. Его суть заключается в механическом воздействии специальными приемами на поверхность тела или какого-либо органа. Массаж в основном делают руками, но существует и аппаратный массаж, проводимый при помощи специальных инструментов.</p>\r\n\r\n<p>Массаж является научно обоснованным, проверенным многолетней практикой, наиболее физиологичным для организма человека оздоровительным средством. Его применяют как в профилактических целях &mdash; для общего укрепления организма, так и в различных областях медицины: хирургии, ортопедии, педиатрии, гинекологии, терапии, неврологии и др.</p>\r\n\r\n<p>Общепризнанно значение массажа для снятия утомления и повышения физической или умственной работоспособности, активизации нервов, регулирующих деятельность желез внутренней секреции (выделение желудочного сока, отделение желчи и т.д.).Особенно эффективно его влияние при заболеваниях, связанных с уменьшением активности перистальтики (в частности, при атонических запорах). Под влиянием массажа улучшаются бронхолегочное кровообращение и бронхиальная проходимость.</p>\r\n\r\n<p>Общий массаж оказывает регулирующее действие на все вегетативные функции организма: дыхание, кровообращение, пищеварение и др. Так, при массаже снижается артериальное давление у больных гипертонической болезнью.</p>\r\n\r\n<p>Лимфодренажный массаж увеличивает и ускоряет отток лимфы от органов и тканей, ликвидирует застойные явления (причем не только в массируемом участке, но и в расположенных рядом органах и тканях), а также ускоряет рассасывание отеков различного происхождения.</p>\r\n\r\n<p>Антицеллюлитный массаж улучшает обмен веществ, стимулирует деятельность гормональных и сальных желез, микроциркуляцию крови, ускоряет процесс удаления продуктов обмена из межклеточного пространства, удаляет излишки жидкости из организма, улучшает дыхательную функцию кожи.</p>\r\n\r\n<p>Лечебный массаж может использоваться в качестве самостоятельного метода, а может применяться в сочетании с другими методами лечения. С помощью массажа можно снять усталость, а можно подготовиться к большим физическим нагрузкам, поэтому массаж необходим спортсменам, а также людям тех профессий, для которых характерны значительные физические и умственные нагрузки. Широко применяется массаж в гигиенических и косметических целях. Массаж показан всем здоровым людям, но, в зависимости от возраста и реактивности нервной системы, подход к каждому пациенту должен быть строго дифференцированным. Для пожилых и ослабленных людей сеанс массажа должен быть менее длительным и интенсивным; не все массажные приемы им показаны.</p>\r\n', 'Blog_thumb/depositphotos_11042922-Massage-on-the-foot.jpg', 'main', 'nemnogo-o-massazhe', '', ''), ('2', 'Антицеллюлитный массаж, обёртывание, пилинг', '2013-10-03 16:04:47', '<p><img alt=\"\" src=\"/static/uploads/2013/10/10/i17id.jpg\" style=\"width: 120px; margin-left: 15px; margin-right: 15px; float: left; height: 97px;\" />Что такое целлюлит?</p>\r\n\r\n<p>Целлюлит &ndash; это специфическое для женщин изменение жировой ткани, входящей в состав кожи, которое проявляется появлением мелкобугристой поверхности кожи. Говоря более простым языком целлюлит проявляется в виде апельсиновой корки. Целлюлит &ndash; это сигнал. Так тело женщины внешне реагирует на факторы, которые неблагоприятно влияют на здоровье, а в следствии и на тело.</p>\r\n\r\n<p>Целлюлит не является:</p>\r\n\r\n<p>Простым (обычным) жиром. Вы не можете потерять его с помощью упражнений или диеты. Задерживанием жидкости. Это только часть проблемы, но она является одним из важнейших факторов, вовлеченных в процесс задержания жира.</p>\r\n\r\n<p>Косметической проблемой. Это физическая проблема, которая не может быть изменена с помощью обычных упражнений или диеты.</p>\r\n\r\n<p>Поводом для отравления существования, как своего собственного, так и близких Целлюлит не является только косметическим недостатком. Лечение целлюлита требует очень серьезного подхода. Это заболевание, которое необходимо лечить.</p>\r\n\r\n<p><img alt=\"\" src=\"/static/uploads/2013/10/10/i.jpeg\" style=\"width: 231px; height: 150px; margin-left: 15px; margin-right: 15px; float: right;\" />Лимфодренажный антицеллюлитный массаж, при котором лучше омываются ткани организма, быстрее рассасываются отёки и проходят процессы воспаления. Улучшается снабжение органов и тканей питательными веществами и кислородом. Восстанавливается нормальная структура мышечных тканей и подкожной клетчатки, нормализуется и тургор кожи. После таких процедур Вы начинаете выглядеть моложе и привлекательнее.</p>\r\n\r\n<p>В комплексном лечении целлюлита необходимо восстановление локального нарушения кровообращения и лимфотока, борьба с ослабленным тонусом кожи. В решении этих проблем огромную роль играют лечебные маски-обертывания.</p>\r\n\r\n<p><img alt=\"\" src=\"/static/uploads/2013/10/10/1270963590_2.jpg\" style=\"width: 300px; margin-left: 15px; margin-right: 15px; float: right; height: 200px;\" />​С их помощью решаются следующие задачи:</p>\r\n\r\n<p>Повышение тонуса, смягчение и улучшение эластичности кожи.</p>\r\n\r\n<p>Стимуляция кровообращения.</p>\r\n\r\n<p>Очищение кожи.</p>\r\n\r\n<p>Лимфатический дренаж.</p>\r\n\r\n<p>Уменьшение проявления целлюлита.</p>\r\n\r\n<p>Уменьшение видимости рубцовой ткани, стрий.</p>\r\n\r\n<p>Детокситация &ndash; удаление продуктов обмена.</p>\r\n', 'Blog_thumb/cellulit-na-pope.jpg', 'main', 'antitsellyulitnyy-massazh-obortyvaniye-piling', '', ''), ('3', 'Лимфодренажный массаж', '2013-10-03 16:05:22', '<p><img alt=\"\" src=\"/static/uploads/2013/10/10/i (1).jpeg\" style=\"width: 215px; height: 150px; margin-left: 15px; margin-right: 15px; float: left;\" />Эта процедура весьма и весьма эффективна для всех категорий населения нашей планеты. Польза от лимфодренажного массажа поистине неоценима. Этот вид массажа оказывает общеоздоровительный эффект, например, лимфодренажный массаж ног удаляет токсины и уменьшает объём лимфостаза в конечностях. Несмотря на то, что на дворе ХХI век &ndash; автомобили, самолёты, компьютеры и т.д., от этого важность здоровья и полноценности организма никоим образом не уменьшается.</p>\r\n\r\n<p>В изнуряющем потоке сегодняшнего дня, в постоянном поиске и стремлении к самосовершенствованию немало людей сталкивается с проблемой избыточного веса. В этой связи существует множество различных средств и способов, в числе которых и лимфодренажный массаж тела занимает далеко не последнее место. Именно для того, чтобы вернуть себе былую стройность, а телу лёгкость и упругость, великолепно подойдёт этот вид массажа. Такой массаж облегчает и улучшает работу клеток всего организма, оптимизирует обмен веществ, избавляет организм от продуктов распада, тем самым ускоряя процесс избавления от лишних килограммов.</p>\r\n\r\n<p><strong><span><img alt=\"\" src=\"/static/uploads/2013/10/10/i (2).jpeg\" style=\"width: 279px; height: 150px; margin-left: 15px; margin-right: 15px; float: right;\" />Лимфодренажный массаж</span></strong>показан при выраженном отечном синдроме, варикозном расширении вен, поскольку оно всегда сопровождается задержкой лимфатического оттока в нижних конечностях (кстати, этот массаж способствует и венозному оттоку). Он также успешно применяется в программах коррекции фигуры, особенно в терапии отечной формы.<strong>целлюлита</strong>, при которой &laquo;разбухшие&raquo; жировые клетки сдавливают лимфатические сосуды, нарушая лимфоотток.<br />\r\nМассаж дает прекрасный эффект в сочетании с техниками похудения &ndash; он выводит продукты метаболизма, которые образуются в результате расщепления жира, улучшает дренажные функции организма.В принципе в целях оздоровления и очищения лимфатический массаж показан каждому человеку &ndash; от наличия конкретных проблем зависит только его частота и курсовая доза.</p>\r\n\r\n<p>&nbsp;</p>\r\n\r\n<p>Основные положительные моменты действия лимфодренажного массажа</p>\r\n\r\n<ul>\r\n	<li>ускоряется ток лимфы (в норме скорость лимфотока до 0,4 см/сек, массаж увеличивает лимфоток в 8 раз), вследствие чего органы и ткани быстрее избавляются от конечных продуктов распада, токсинов, а также быстрее получают больше питательных веществ и кислорода</li>\r\n	<li>клетки освобождаются от продуктов обмена и распада</li>\r\n	<li>под действием лимфодренажного массажа лучше омываются ткани, проходят отеки и быстрее проходят воспалительные процессы</li>\r\n	<li>устраняется лишняя межклеточная жидкость, как одна из причин возникновения и проявления целлюлита</li>\r\n</ul>\r\n\r\n<p>Фактически, от того, хорошо или плохо течет лимфа в организме, в значительной степени зависят ваше самочувствие, работоспособность, внешний вид, отсутствие лишних килограммов и&nbsp; отеков, а значит, ваши успехи &ndash; в работе и в личной жизни! Наряду с повышением эластичности и упругости кожи, после такого массажа улучшается и цвет лица.<br />\r\nРазличают также и лимфодренажный массаж лица, после прохождения полного курса которого у клиентов появляется ощущение того, что многолетние головные боли и усталость куда-то улетучились. Жизнь обрела новое качество, наполнилась радостью, здоровьем, силой, уверенностью и благополучием.</p>\r\n\r\n<p>По мнению многих специалистов лимфодренажный массаж, цена которого оптимально соотносится с качеством достигнутого результата, рекомендуется каждому из нас раз в неделю на протяжении всей своей жизни.</p>\r\n\r\n<p><strong>Ручной лимфодренаж</strong><br />\r\nвыполняется мягкими легкими волнообразными движениями снизу вверх по току лимфы. И эти движения настолько плавные и мягкие, что человек во время сеанса часто засыпает. Такой релаксирующий эффект лимфодренажного массажа объясняется его успокаивающим действием на центральную нервную систему. Во время массажа не возникает никаких болезненных ощущений. Больше того, воздействие может показаться совсем неглубоким, даже поверхностным. Массаж ни в коем случае не должен быть травматичным, поскольку он связан с сосудами и сильные нажимания и надавливания могут нанести лишь вред.</p>\r\n\r\n<p>Ручной лимфодренажный массаж очень хорошо сочетается с различными программами по детоксикации организма, будь то обертывание с водорослями или глубокое очищение с использованием различных грязей.</p>\r\n\r\n<p>Для получения стойкого эффекта проводить такие массажи рекомендуется курсом 10-12 процедур, 2-3 раза в неделю как самостоятельную процедуру или 1-2 раза в неделю при сочетании с другими методами.</p>\r\n\r\n<p><img alt=\"\" src=\"/static/uploads/2013/10/10/i_.jpeg\" style=\"width: 261px; height: 150px; margin-left: 15px; margin-right: 15px; float: left;\" />​После полного курса у клиентов возникает приятное ощущение того, что их многолетняя хроническая усталость, головные боли ушли. При этом повышается эластичность и упругость кожи, исчезают отеки, пропадает видимый эффект целлюлита, улучшается цвет лица. Но главное &ndash; это не минутное улучшение, а новое, устойчивое состояние вашего организма.</p>\r\n\r\n<p>&nbsp;Ручные массажные техники могут различаться технически, но все проводятся с учетом анатомии и физиологии лимфатической системы, т. е. предполагается последовательное воздействие на различные ее звенья от глубоких к более поверхностным. Оно проводится с учетом скорости нормального лимфотока.</p>\r\n\r\n<p><strong>Возможные ограничения к применению лимфодренажного массажа</strong></p>\r\n\r\n<p>В некоторых случаях он может проводиться даже при острых формах инфекционных и вирусных заболеваний (если, конечно, у пациента нет высокой температуры), помогая организму за счет увеличения количества выводимой жидкости освободиться от токсинов. Но в этом случае массаж должен делаться особенно аккуратно и по определенному ритуалу, несколько отличному от обычной процедуры. Очень осторожно и с большим интервалом между сеансами такой массаж проводится и при артериальной гипертензии третьей степени, когда тонус сосудов нарушен настолько, что восстановление их нормальной работы идет крайне медленно и трудно. Другие заболевания противопоказанием к лимфатическому массажу не являются.</p>\r\n', 'Blog_thumb/i_1.jpeg', 'notmain', 'limfodrenazhnyy-massazh', '', ''), ('4', 'Лечение боли в спине', '2013-10-09 20:44:17', '<p>Заболевания опорно-двигательного аппарата в наше время стали настоящей бедой человечества. Боли в спине возникают даже у людей молодого возраста, а у лиц старшего поколения эта патология выявляется более чем в 90% cлучаев, таким образом к зрелому возрасту многие люди уже серьезно ощущают на себе их последствия: снижение активности, головную боль и общий дискомфорт, мешающие полноценно жить и работать. Такие недуги, как остеохондроз, грыжа межпозвоночного диска, радикулит - уменьшают качество жизни пациента, снижают трудоспособность, могут привести к инвалидности. Дети и подростки также не застрахованы от болей в спине.</p>\r\n\r\n<p><br />\r\n<img alt=\"\" src=\"/static/uploads/2013/10/10/i (3).jpeg\" style=\"width: 202px; height: 150px; margin-left: 15px; margin-right: 15px; float: right;\" />Неправильная осанка, неудобная обувь ведет к искривлению позвоночника, известного также как сколиоз. Массаж спины: рекомендуется делать несколько сеансов массажа для достижения хорошего результата. Массаж спины позволяет избавить пациента от болезней, боли, скованности, отеков, гормональных и косметических нарушений.</p>\r\n\r\n<p><br />\r\nПри помощи массажа спины восстанавливаются поврежденные ткани, усиливается циркуляция крови и снимается отечность, нормализуется (гармонизируется) тонус нервной системы, оживляя работу внутренних органов. Ведь изменения в позвоночнике и мышцах спины отрицательно сказывается на сердце, печени, желудке, кишечнике и других внутренних органах, к которым подходят нервные окончания корешков спинного мозга. Отсутствие регулярных физических упражнений, неправильная осанка, напряжение и стрессы, все это факторы риска появления боли в спине, растяжения мышц, а иногда и более тяжелых заболеваний. Спина является сильнейшим отделом нашего тела. Уникальное средство помощи от боли в спине &ndash; это массаж спины. Помимо лечебного, массаж спины ценится за его ни с чем не сравнимый, релаксирующий эффект. Именно спина испытывает самую большую физическую нагрузку. А полный курс массажа спины помогает значительно укрепить мышечный корсет.</p>\r\n\r\n<p><br />\r\n<img alt=\"\" src=\"/static/uploads/2013/10/10/i (4).jpeg\" style=\"width: 200px; height: 150px; margin-left: 15px; margin-right: 15px; float: right;\" />​Массаж спины &ndash; это, пожалуй, одна из самых приятных терапевтических процедур, которая к тому же несёт существенную пользу:</p>\r\n\r\n<p><br />\r\nрасслабляет мышцы, снимает спазмы и устраняет болевые симптомы;<br />\r\nулучшает кровообращение и обмен веществ;<br />\r\nулучшает рефлекторные связи между головным и спинным мозгом, а также периферической нервной системой;<br />\r\nактивизирует кожное дыхание;<br />\r\nнормализует работу потовых и сальных желез;<br />\r\nспособствует выведению из организма шлаков и активному удалению отмерших клеток;<br />\r\nстимулирует выработку биологически активных веществ и гормонов.</p>\r\n\r\n<p><br />\r\nМассаж спины способствует формированию крепкого мышечного корсета. Это является отличной профилактикой сколиоза, остеохондроза или грыжи межпозвонковых дисков, которые встречаются сегодня всё чаще. В задачи массажиста может входить и мягкая коррекция выявленных искривлений позвоночника. Также массаж спины может назначаться для лечения внутренних органов и при депрессивных расстройствах, ведь помимо лечебного он обладает ещё и релаксирующими свойствами.</p>\r\n', 'Blog_thumb/depositphotos_7864440-Massage.jpg', 'notmain', 'lecheniye-boli-v-spine', '', ''), ('5', 'Баночный массаж', '2013-10-09 20:48:17', '<p><img alt=\"\" src=\"/static/uploads/2013/10/10/images564.jpg\" style=\"width: 275px; height: 184px; margin-left: 15px; margin-right: 15px; float: left;\" />​Главная задача, которая ставится перед баночным массажем, заключается в улучшении состояния кожного покрова и подлежащих тканей. За счет этой функции происходит похудение организма. Стоит отметить, что данная процедура также называется вакуумный массаж. Основным элементом, оказывающим воздействие на кожу человека, является вакуум, который создается в массажных банок. За счет перемещения этих банок осуществляется стимуляция, как кожного покрова, так и активных точек.</p>\r\n\r\n<p><br />\r\nКак правило, самым оптимальным вариантом считается два сеанса баночного массажа в неделю. В один курс входит от 12 до 15 сеансов. Первые результаты после выполнения данной процедуры можно отметить уже после шестого сеанса. Выполнение вакуумного массажа может сопровождаться использованием эфирных масел и массажных кремов. Следует знать, что данный метод противопоказан людям, имеющим такие проблемы, как:</p>\r\n\r\n<p><br />\r\n- желче- и мочекаменная болезнь,<br />\r\n- тромбофлебит,<br />\r\n- повешенная проницаемость и ломкость кровеносных сосудов,<br />\r\n- острые заболевания,<br />\r\n- злокачественные новообразования, имеющиеся в месте массажа.</p>\r\n\r\n<p><br />\r\nПри выполнении такого вида массажа кожная складка оказывается под воздействием вакуума. Процедура вакуумного массажа позволяет ускорить обмен веществ, протекающий в тканях. Кровь артерий, обогащенная кислородом, начинает интенсивно притекать к тканям. В свою очередь, венозная кровь начинает выводить токсины.</p>\r\n\r\n<p><br />\r\nВ результате воздействия вакуумом большие скопления жира начинают разрушаться на мелкие части. Так как при выполнении баночного массажа возникает тепло, глубоко прогревающее тело человека, весь жир устремляется к мышцам, где и сгорает.<br />\r\nВакуумный массаж помогает справиться с целлюлитом, находящимся на задней поверхности бедер, ягодицах, в зоне галифе. За счет того, что к массируемым участкам тела приливается кровь и кислород, происходит процесс борьбы с апельсиновой коркой.</p>\r\n\r\n<p><br />\r\nДанный тип массажа также имеет легкий лифтинг-эффект, позволяющий восстановить тонус и упругость кожи. Также во время сеансов баночного массажа для похудения можно добиться рассасывания растяжек и рубцов, имеющихся на теле.<br />\r\nВ косметическом салоне для выполнения вакуумного массажа используются специальные препараты, оснащенные различными насадками. Чтобы такая процедура была безболезненной, аппарат настраивают в зависимости от чувствительности кожи человека.</p>\r\n\r\n<p><br />\r\nСреди основных видов баночного массажа стоит выделить отсасывающе-помповый, который обладает лимфодренажным, антицеллюлитным и увеличивающим кровоток действием. В этом случае в качестве банок и насадок используются специальные емкости, которые подсоединены к насосу, вытягивающему из этих конструкций воздух.</p>\r\n', 'Blog_thumb/Vacuum-massage-300x210.jpg', 'notmain', 'banochnyy-massazh', '', ''), ('6', 'Медовый массаж', '2013-10-10 04:45:22', '<p><img alt=\"\" src=\"/static/uploads/2013/10/10/i (5).jpeg\" style=\"width: 161px; height: 150px; margin-left: 15px; margin-right: 15px; float: left;\" />​Влияние на кожу. Медовый массаж интенсивно очищает кожу, поскольку техника массажного воздействия включает в себя элемент активного пилинга. Массаж увеличивает кровоток и дыхание через кожу. Как говорили древние целители, мед лучше чего-либо другого &laquo;кормит кожу&raquo;. Способность меда абсорбировать токсины поистине уникальна. Мед, глубоко проникая в поверхностные ткани тела, вбирает в себя все накопившиеся шлаки, в результате чего через 15-20 минут массажа вместо прозрачного меда на теле человека образуются грязно-желтые, порой даже почти серые хлопья. Такого полного и эффективного очищения покровов тела не может дать ни одно другое лечебное или косметическое средство. В результате процедуры повышается тургор кожи и её эластичность, растворяются подкожные жировые капсулы.</p>\r\n\r\n<p><br />\r\nВлияние на внутренние органы. Поскольку все внутренние органы имеют прямые нервные связи с внешними покровами тела, воздействие на кожу и мышцы с помощью меда, отражается на внутренних органах человека. Происходит их очищение от шлаков, тонизирование и ускорение всех обменных процессов.Биологически активные вещества меда обладают большим проникающим действием и усиливают регенерацию тканей органов. Медовый массаж представляет собой чрезвычайно эффективный метод лечения и профилактики вегето-сосудистой дистонии, нарушений работы внутренних органов, при лечении бронхитов, затяжных пневмоний, при пониженном иммунитете. Влияние на работу суставов. Медовый массаж хорошо восстанавливает нормальную работу всех суставов. Благодаря тому, что мед отлично питает все ткани, излечивается остеохондроз, являющийся следствием нарушения именно трофических процессов в позвоночнике.</p>\r\n\r\n<p><br />\r\nВлияние медового массажа на нервную систему трудно переоценить, поэтому такой массаж является прекрасной профилактикой умственного и физического утомления, нарушений сна, психосоматических заболеваний, неврастении. С помощью такого массажа эффективно снимаются депрессивные и стрессовые состояния.</p>\r\n\r\n<p><br />\r\nМедовый антицеллюлитный массаж. Сила воздействия медового массажа зиждется на сочетании полезных свойств меда &ndash; этого кладезя биологически активных веществ &ndash; с эффектом от применения традиционных массажных приемов. После проведения курса медового массажа не, только, разглаживается целлюлит, но и улучшается общее состояние кожи: она становится нежной и шелковистой, точно у ребенка.</p>\r\n', 'Blog_thumb/01.jpg', 'notmain', 'medovyy-massazh', '', ''), ('7', 'Мануальная терапия', '2013-10-10 04:49:09', '<h3><img alt=\"\" src=\"/static/uploads/2013/10/10/i (6).jpeg\" style=\"width: 276px; height: 150px; margin-left: 15px; margin-right: 15px; float: left;\" />​Мануальная медицина, мануальная диагностика, мануальная терапия Введение термина</h3>\r\n\r\n<p>&laquo;Мануальная медицина&raquo; связан с необходимостью показать, что это научное направлении состоит из двух разделов &ndash; &laquo;Мануальная диагностика&raquo; и &laquo;Мануальная терапия&raquo;. Мануальная медицина требует серьёзных знаний в различных сферах медицины, в первую очередь глубокого понимая неврологии, а также нейрофизиологии и ортопедии.</p>\r\n\r\n<p><br />\r\nМануальная диагностика направлена на выявление пассивного ограничения подвижности в пределах нормальной физиологической функции любого сустава тела человека.<br />\r\nТермином &laquo;мануальная терапия&raquo; обозначают способы лечения заболеваний позвоночника и патогенетически связанных с ними висцеральных(внутренние органы), спинномозговых и церебральных(головной мозг) нарушений с помощью ручного воздействия. Область применения мануальной терапии &ndash; суставы позвоночника, периферические суставы(конечности), межпозвонковые диски, нервы. Основа мануальной терапии &ndash; строго дозированное локальное механическое воздействие на определённый позвонково-двигательный сегмент, периферический сустав с целью восстановления нормальной подвижности в нём или адаптирования к изменившимся условиям функционирования.</p>\r\n\r\n<p><br />\r\nМетоды мануальной терапии<br />\r\nСпецифические методы мануальной терапии.<br />\r\nК нему относятся мобилизация и манипуляция.</p>\r\n\r\n<p>Мобилизация представляет собой мягкие, пассивные, безболезненные пружинирующие движения осуществляемые на суставе , в котором движение максимально выбрано. После проведения 10-15 пружинирующих ритмичных движений часто блокада снимается без применения манипуляционной техники.</p>\r\n\r\n<p>Манипуляция- это быстрое, безболезненное движение небольшой амплитуды в направлении пассивного ограничения движения. Манипуляция проводится в пределах анатомически возможного объема движения в суставе. При правильном выполнении используется малая сила воздействия, при этом пациент должен быть расслаблен, иначе, имеющееся мышечное напряжение будет препятствовать качественному выполнению манипуляции. Сама манипуляционная техника включает:</p>\r\n\r\n<p>1. Неспецифический компонент, когда воздействие оказывается на несколько позвоночно- двигательных сегментов или на весь позвоночник.<br />\r\n2. Cпецифический компонент: манипуляция проводится на один позвоночно- двигательный сегмент при предварительном выключении всех других позвоночно- двигательных сегментов.</p>\r\n\r\n<p>Неспецифические методы мануальной терапии.<br />\r\nЭти методы помогают при рефлекторных проявлениях заболеваний опорно- двигательного аппарата. Приведу в качестве примера некоторые из них:</p>\r\n\r\n<p>Одним из наиболее часто используемых методов, является постизометрическое расслабление мышц. Принцип действия связан со способностью мышц после проведения изометрического сокращения (т. е. без изменения ее длины) терять способность к сокращению на небольшой промежуток времени во время которого совершают растяжение мышцы.<br />\r\nМетод расслабления через миофасциальный тригерный (болевой) пункт. Его также можно назвать точечным массажем.<br />\r\nМетод расслабления путем многократных движений мышечного брюшка перпендикулярно к направлению волокон. Метод растирания. Его используют при хронически спазмированных мышцах, в которых сформировались очаги уплотнения ткани(фиброза).</p>\r\n\r\n<p>Показания и противопоказания к мануальной терапии<br />\r\nПротивопоказания подразделяются на две группы: абсолютные и относительные</p>\r\n\r\n<p>Абсолютные противопоказания:<br />\r\nОпухоли позвоночника, спинного мозга и головного мозга, суставов конечностей, внутренних органов, метастатические поражения позвоночника<br />\r\nМиеломная болезнь<br />\r\nИнфекционные процессы в позвоночнике и суставах<br />\r\nОстрые и подострые воспалительные заболевания суставов, спинного мозга и его оболочек<br />\r\nСвежие травматические повреждения позвоночника и суставов<br />\r\nКонсолидированные переломы позвоночника и травматические повреждения межпозвонковых дисков до образования костной мозоли (в среднем до 6 месяцев)<br />\r\nСостояния после операций на позвоночнике<br />\r\nБолезнь Бехтерева<br />\r\nОсколки секвестрированной дисковой грыжи<br />\r\nДисковые миелопатии, аномалии развития позвоночника и суставов с наличием очаговой неврологической симптоматики<br />\r\nОстеопороз тел позвонков 3- 4 степени<br />\r\nБолезнь Клиппеля &ndash; Фейля<br />\r\nОстрые нарушения мозгового и сердечного кровообращения<br />\r\nОстрые заболевания желудочно-кишечного тракта, органов грудной полости и других внутренних органов<br />\r\nПсихические заболевания</p>\r\n\r\n<p>Относительные противопоказания:<br />\r\nВыраженные аномалии развития<br />\r\nТуберкулез тел позвонков<br />\r\nШейные ребра 3-4 степени<br />\r\nФиксирующий гиперостоз Форестье<br />\r\nПатологическая извитость сонных и позвоночных артерий<br />\r\nАномалии головных сосудов<br />\r\nСедловидная гипоплазия атланта<br />\r\nАномалия Арнольда &ndash; Киари 2-3 степени<br />\r\nТяжелые соматические заболевания</p>\r\n', 'Blog_thumb/i_6.jpeg', 'notmain', 'manualnaya-terapiya-v-moskve', '', ''), ('8', 'Обертывания и пеленания с использованием косметики из Австрии AROMADERM (STYX)', '2013-10-10 04:54:51', '<p><img alt=\"\" src=\"/static/uploads/2013/10/10/imgpreview.jpeg\" style=\"width: 170px; height: 235px; margin-left: 15px; margin-right: 15px; float: left;\" />​Основой косметики Aromaderm являются природные ингредиенты при полном отсутствии веществ химического синтеза и неэффективных компонентов в своем составе. Это природная косметика для ухода за телом, устранения проблем гиподермы, нормализации мышечного и сосудистого тонуса, детоксикации, лифтинга. Основой являются вода, масло и экстракты растений. Широкий спектр действия препаратов дает возможность учета физиологических особенностей каждого пациента.</p>\r\n\r\n<p><b>При обертывании с использованием термоактивных гелей Cello-Gel</b> в зависимости от типа кожи и степени нарушения ее состояния происходит устранение отеков, застойных процессов, нейтрализация токсинов, последствий диетических излишеств. Укрепляется соединительная ткань. Кожа подтягивается и омолаживается, устраняется дряблость, стрии, локальные жировые отложения. Стимулируется обмен веществ, активизируется перистальтика кишечника. Уменьшается вес и объем тела. Длительность процедуры в среднем 50 минут. Нежелательно перед процедурой обертывания проводить пилинг кожи, а после процедуры в течении одного часа принимать солнечные ванны. На ранних сроках беременности, при гипертонической болезни высоких степеней, тромбофлебите, острых патологиях печени и почек и т.п. проводить термоактивные обертывания не рекомендуется.</p>\r\n\r\n<p><b>Влажные пеленания с альгинатными лосьонами</b> или как их еще называют виски-пеленания представляют собой плотное бандажирование тела эластичными повязками, пропитанными лосьоном. Они стимулируют синтез простангландинов, процессы микроциркуляции, лимфодренажа и детоксикации, помогают контролировать аппетит, оказывают цитозащитное, антиоксидантное действие, нейтрализуют гормоны стресса. Кроме этого виски-пеленания нормализуют гемодинамику, укрепляют сосуды, стимулируют процессы обмена веществ, очищают кожу и повышают ее тонус, устраняют купероз, отеки, стимулируют диурез. Длительность процедуры влажных пеленаний в среднем 60 минут. Виски-обертывания не имеют противопоказаний и побочных эффектов.</p>\r\n', 'Blog_thumb/i_7.jpeg', 'notmain', 'obertyvaniya-i-pelenaniya-s-ispolzovaniyem-kosmet', '', '');
COMMIT;

-- ----------------------------
--  Table structure for `blog_review`
-- ----------------------------
DROP TABLE IF EXISTS `blog_review`;
CREATE TABLE `blog_review` (
  `id` int(11) NOT NULL AUTO_INCREMENT,
  `datetime` datetime NOT NULL,
  `title` varchar(255) COLLATE utf8_unicode_ci NOT NULL,
  `sender` varchar(75) COLLATE utf8_unicode_ci NOT NULL,
  `review` longtext COLLATE utf8_unicode_ci NOT NULL,
  `review_choice` varchar(10) COLLATE utf8_unicode_ci NOT NULL,
  PRIMARY KEY (`id`)
) ENGINE=InnoDB AUTO_INCREMENT=18 DEFAULT CHARSET=utf8 COLLATE=utf8_unicode_ci ROW_FORMAT=COMPACT;

-- ----------------------------
--  Records of `blog_review`
-- ----------------------------
BEGIN;
INSERT INTO `blog_review` VALUES ('5', '2012-10-05 04:34:09', 'Наталья Л.', '', 'Могу сказать, что попала в правильные руки. Профессиональная работа Сергея Корябина превзошла все ожидания (сравнить есть с чем, делала разные виды массажа во многих клиниках во многих странах). Спасибо Сергею за честное отношение к делу, индивидуальный подход к пациенту (ко мне :) После первого же посещения он предложил программу лечения, которая мне очень помогла – пропали боли в суставах, появилась большая подвижность, а главное, уверенность. Профессионализм, открытость и душевное отношение – я очень благодарю за лечение и простое, человеческое отношение. Сергей оказался великолепным мануальным терапевтом, который не ломал и не выворачивал позвонки и мышцы, а разговаривал с ними своими ловкими и сильными пальцами. После курса лечения, проведенного Сергеем, мне стало намного легче. А его массаж – это нечто, невозможно описать! Это лучшее, что могло случиться со мной в этом году. Спасибо! СПАСИБО!!\r\nВсем советую лечиться и делать массаж только у Сергея Корябина!', 'posted'), ('7', '2012-10-07 05:36:00', 'Ирина', '', 'Сергей Константинович, я очень рада, что попала на сеанс массажа именно к Вам.\r\nВы действительно владеете секретом мануальной терапии. То, что произошло с моей спиной, не возможно не назвать ЧУДОМ!\r\nКак приятно засыпать и просыпаться без болей в позвоночнике (которые длились несколько месяцев).\r\nЯ счастлива, что доверилась Вашим рукам.\r\nСпасибо Вам огромное!\r\nИрина.', 'posted'), ('9', '2012-10-17 05:40:12', 'Мария', '', 'Добрый день!\r\nХочу сказать огромное спасибо Сергею Константиновичу за его полезную и добрую работу!\r\nПо счастливому случаю я попала к этому замечательному специалисту, который поправил мою спинку. На первый сеанс я пришла словно с мешком кирпичей за спиной, а вышла совершенно новым человеком. Стало легко держать спинку прямой, ушла усталость, мир засиял новыми красками!\r\nОгромное Вам спасибо!', 'posted'), ('11', '2012-10-20 03:52:19', 'Мария', '', 'Я прошла 5 сеансов массажа у Сергея Корябина. У меня был смещен позвонок, от этого боли в позвоночнике, сколиоз, не приятные ощущения. После первого сеанса, боли не стало, спина выпрямилась, после второго сеанса я чувствовала, как будто тело подстраивается под новый позвоночник, и новая осанка привлекает взгляды людей, После третьего и четвертого – неприятные ощущения в спине прекратились и проблемы, с которой пришла к Сергею не стало. Процесс исцеления двигался быстро, менялась осанка, и после пятого сеанса (в течении двух недель) стало так хорошо, обновленная спина совсем перестала беспокоить, и могу добавить, что Сергей Константинович очень хороший специалист, врач от Бога, и просто чудесный человек! Спасибо вам Сергей!', 'posted'), ('13', '2012-10-22 22:05:14', 'Зинаида', '', 'Как тяжело просыпаться по утрам с болью в спине. Боли в пояснице мучали несколько месяцев и хождения по врачам, и применение медикаментозных припаратов лишь на некоторое время облегчали состояние. Решила обратиться к мануальному терапевту, хотя наслышана об этом много – шла с опаской. После первого сеанса у Сергея Константиновича поняла что зря боялась этих процедур. Сеанс мануальной терапии он совмещает с массажем адоптированным под конкретные области и сразу почувствовала облегчение. Пройдя всего пять сеансов, чувствую себя хорошо, снова мир вокруг меня стал прекрасным. Спасибо Вам Сергей Константинович, ведь благодаря Вашему профессиональному умению и чуткому отношению к пациенту я вновь здорова и радуюсь жизни', 'posted'), ('15', '2012-11-08 00:22:21', 'Илья', '', 'Хочу сказать большое человеческое Спасибо Сергею Константиновичу за его отношение и за лечение.\r\nМоя сидячая работа «заставила» всерьез задуматься о спине. Я знал, что сутулюсь и имеется сколиоз, но иногда к вечеру спина «затекала» и ныла. По счастью месяца три назад попал в руки к массажисту, мануальному специалисту от Бога – Корябину Сергею Константиновичу.\r\nКак оказалось, у меня были проблемы и с шейным отделом позвоночника, но уже после первого абсолютно безболезненного сеанса я почувствовал приятно непривычную прямоту шеи и спины. Осанка действительно стала ровной!\r\nУ Сергея Константиновича золотые руки. Всего за 5 сеансов у меня улучшилось самочувствие: я стал меньше уставать к вечеру, высыпаться, спина вообще перестала беспокоить.\r\nДумаю в ближайшие месяцы записаться к Сергею Константиновичу еще на несколько сеансов уже в профилактических целях.\r\nЕще раз спасибо, Сергей Константинович!', 'posted'), ('17', '2012-12-06 23:08:57', 'Алена', '', 'Хочу сказать большое спасибо Сергею Константиновичу. Его массаж поистине творит чудеса!\r\nУ меня несколько лет болела спина в грудном отделе позвоночника. Позже к нему добавился еще шейный отдел. После пары неудачных походов к «специалистам» я уверилась в мысли о невозможности для меня жить без боли…\r\nНо встреча с Сергеем Константиновичем полностью перевернула мое понятие о массаже! После третьего сеанса боль прошла! Потом понадобилось еще несколько сеансов, чтобы закрепить результат.\r\nТеперь моя спина не болит. Я вообще забыла о существовании спины:) Хотя раньше она всегда ныла и болела, постоянно напоминая о себе.\r\nСергей Константинович! Огромное вам спасибо! Вы настоящий профессионал в своем деле!', 'posted');
COMMIT;

-- ----------------------------
--  Table structure for `django_admin_log`
-- ----------------------------
DROP TABLE IF EXISTS `django_admin_log`;
CREATE TABLE `django_admin_log` (
  `id` int(11) NOT NULL AUTO_INCREMENT,
  `action_time` datetime NOT NULL,
  `user_id` int(11) NOT NULL,
  `content_type_id` int(11) DEFAULT NULL,
  `object_id` longtext COLLATE utf8_unicode_ci,
  `object_repr` varchar(200) COLLATE utf8_unicode_ci NOT NULL,
  `action_flag` smallint(5) unsigned NOT NULL,
  `change_message` longtext COLLATE utf8_unicode_ci NOT NULL,
  PRIMARY KEY (`id`),
  KEY `django_admin_log_6340c63c` (`user_id`),
  KEY `django_admin_log_37ef4eb4` (`content_type_id`),
  CONSTRAINT `content_type_id_refs_id_93d2d1f8` FOREIGN KEY (`content_type_id`) REFERENCES `django_content_type` (`id`),
  CONSTRAINT `user_id_refs_id_c0d12874` FOREIGN KEY (`user_id`) REFERENCES `auth_user` (`id`)
) ENGINE=InnoDB AUTO_INCREMENT=191 DEFAULT CHARSET=utf8 COLLATE=utf8_unicode_ci ROW_FORMAT=COMPACT;

-- ----------------------------
--  Records of `django_admin_log`
-- ----------------------------
BEGIN;
INSERT INTO `django_admin_log` VALUES ('1', '2013-10-03 16:01:40', '1', '10', '1', 'first', '1', ''), ('2', '2013-10-03 16:01:50', '1', '10', '2', 'second', '1', ''), ('3', '2013-10-03 16:02:01', '1', '10', '3', 'third', '1', ''), ('4', '2013-10-03 16:02:33', '1', '10', '4', 'fourth', '1', ''), ('5', '2013-10-03 16:03:03', '1', '10', '5', 'fifth', '1', ''), ('6', '2013-10-03 16:03:24', '1', '10', '6', 'sixth', '1', ''), ('7', '2013-10-03 16:04:20', '1', '8', '1', 'Пост о пользе массажа', '1', ''), ('8', '2013-10-03 16:05:01', '1', '8', '2', 'Ваше здоровье в Наших руках', '1', ''), ('9', '2013-10-03 16:05:35', '1', '8', '3', 'Кто на самом деле наш враг?', '1', ''), ('10', '2013-10-03 16:09:29', '1', '9', '1', 'Массаж в Москве', '1', ''), ('11', '2013-10-03 16:11:17', '1', '9', '2', 'Контакты', '1', ''), ('12', '2013-10-03 16:12:34', '1', '9', '3', 'Обратная связь', '1', ''), ('13', '2013-10-03 21:02:21', '1', '9', '1', 'яавывм', '1', ''), ('14', '2013-10-03 21:03:28', '1', '9', '1', 'лфвырал', '1', ''), ('15', '2013-10-03 21:03:58', '1', '9', '1', 'Массаж в Москве', '2', 'Изменен title,content,image и main_page_choice.'), ('16', '2013-10-03 21:04:33', '1', '9', '2', 'Обратная связь', '1', ''), ('17', '2013-10-03 21:04:51', '1', '9', '3', 'Контакты', '1', ''), ('18', '2013-10-03 21:05:05', '1', '9', '2', 'Обратная связь', '2', 'Изменен main_page_choice.'), ('19', '2013-10-03 21:26:53', '1', '9', '2', 'Обратная связь', '2', 'Изменен main_page_choice.'), ('20', '2013-10-03 21:48:16', '1', '9', '3', 'Контакты', '2', 'Изменен image.'), ('21', '2013-10-03 21:48:23', '1', '9', '2', 'Обратная связь', '2', 'Изменен image.'), ('22', '2013-10-03 21:48:32', '1', '9', '1', 'Массаж в Москве', '2', 'Изменен image.'), ('23', '2013-10-03 22:29:35', '1', '9', '3', 'Контакты', '2', 'Ни одно поле не изменено.'), ('24', '2013-10-03 22:30:41', '1', '9', '3', 'Контакты', '2', 'Изменен description.'), ('25', '2013-10-03 22:30:54', '1', '9', '2', 'Обратная связь', '2', 'Изменен description.'), ('26', '2013-10-03 22:31:06', '1', '9', '1', 'Массаж в Москве', '2', 'Изменен description.'), ('27', '2013-10-03 23:06:31', '1', '8', '3', 'Кто на самом деле наш враг?', '2', 'Изменен main_post_choice.'), ('28', '2013-10-03 23:06:43', '1', '8', '2', 'Ваше здоровье в Наших руках', '2', 'Изменен main_post_choice.'), ('29', '2013-10-03 23:08:08', '1', '8', '3', 'Кто на самом деле наш враг?', '2', 'Изменен main_post_choice.'), ('30', '2013-10-03 23:08:16', '1', '8', '1', 'Пост о пользе массажа', '2', 'Изменен main_post_choice.'), ('31', '2013-10-03 23:23:47', '1', '8', '3', 'Кто на самом деле наш враг?', '2', 'Изменен main_post_choice.'), ('32', '2013-10-03 23:24:34', '1', '8', '2', 'Ваше здоровье в Наших руках', '2', 'Изменен main_post_choice.'), ('33', '2013-10-03 23:24:48', '1', '8', '2', 'Ваше здоровье в Наших руках', '2', 'Изменен main_post_choice.'), ('34', '2013-10-03 23:24:54', '1', '8', '3', 'Кто на самом деле наш враг?', '2', 'Изменен main_post_choice.'), ('35', '2013-10-09 13:17:52', '1', '9', '4', 'Контакты', '1', ''), ('36', '2013-10-09 13:18:24', '1', '9', '3', 'Заголовок страницы', '2', 'Изменен title.'), ('37', '2013-10-09 20:17:58', '1', '8', '1', 'Немного о массаже', '2', 'Изменен title и content.'), ('38', '2013-10-09 20:29:10', '1', '8', '2', 'Ваше здоровье в Наших руках', '2', 'Изменен content и image.'), ('39', '2013-10-09 20:29:29', '1', '8', '2', 'Антицеллюлитный массаж, обёртывание, пилинг', '2', 'Изменен title.'), ('40', '2013-10-09 20:39:55', '1', '8', '3', 'Лимфодренажный массаж', '2', 'Изменен title,content и image.'), ('41', '2013-10-09 20:40:42', '1', '8', '1', 'Немного о массаже', '2', 'Изменен image.'), ('42', '2013-10-09 20:43:02', '1', '8', '2', 'Антицеллюлитный массаж, обёртывание, пилинг', '2', 'Изменен content.'), ('43', '2013-10-09 20:47:37', '1', '8', '4', 'Лечение боли в спине', '1', ''), ('44', '2013-10-09 20:50:13', '1', '8', '5', 'Баночный массаж', '1', ''), ('45', '2013-10-10 04:48:47', '1', '8', '6', 'Медовый массаж', '1', ''), ('46', '2013-10-10 04:54:32', '1', '8', '7', 'Мануальная терапия', '1', ''), ('47', '2013-10-10 04:57:53', '1', '8', '8', 'Обертывания и пеленания с использованием косметики из Австрии AROMADERM (STYX)', '1', ''), ('48', '2013-10-21 05:22:40', '1', '12', '1', 'Review object', '1', ''), ('49', '2013-10-22 04:28:52', '1', '12', '2', 'Review object', '1', ''), ('50', '2013-10-22 19:15:14', '1', '12', '1', 'Review object', '2', 'Изменен review и review_choice.'), ('51', '2013-10-25 05:02:52', '1', '12', '2', 'Наталья Л.', '2', 'Изменен title,sender,review и review_choice.'), ('52', '2013-10-25 05:05:31', '1', '12', '1', 'Сергей Корябин', '2', 'Изменен title,sender и review.'), ('53', '2013-10-25 05:06:35', '1', '12', '1', 'Сергей Корябин', '3', ''), ('54', '2013-10-25 05:06:39', '1', '12', '2', 'Наталья Л.', '3', ''), ('55', '2013-10-25 05:17:21', '1', '12', '5', 'test1', '1', ''), ('56', '2013-10-25 05:32:39', '1', '12', '5', 'test1', '2', 'Изменен review_choice.'), ('57', '2013-10-25 05:32:57', '1', '12', '6', 'test2', '1', ''), ('58', '2013-10-25 05:34:09', '1', '12', '5', 'Наталья Л.', '2', 'Изменен title и review.'), ('59', '2013-10-25 05:35:16', '1', '12', '6', 'Сергей К.', '2', 'Изменен title и review.'), ('60', '2013-10-25 05:36:00', '1', '12', '7', 'Ирина', '1', ''), ('61', '2013-10-25 05:36:20', '1', '12', '8', 'Сергей К.', '1', ''), ('62', '2013-10-25 05:36:39', '1', '12', '9', 'Мария', '1', ''), ('63', '2013-10-25 05:36:59', '1', '12', '10', 'Сергей К.', '1', ''), ('64', '2013-10-25 05:37:19', '1', '12', '11', 'Мария', '1', ''), ('65', '2013-10-25 05:37:37', '1', '12', '12', 'Сергей К.', '1', ''), ('66', '2013-10-25 05:38:14', '1', '12', '13', 'Зинаида', '1', ''), ('67', '2013-10-25 05:38:42', '1', '12', '14', 'Сергей К.', '1', ''), ('68', '2013-10-25 05:39:21', '1', '12', '15', 'Илья', '1', ''), ('69', '2013-10-25 05:39:34', '1', '12', '16', 'Сергей К.', '1', ''), ('70', '2013-10-25 05:39:57', '1', '12', '17', 'Алена', '1', ''), ('71', '2013-10-30 04:06:41', '1', '12', '5', 'Наталья Л.', '2', 'Изменен datetime.'), ('72', '2013-10-30 04:07:09', '1', '12', '6', 'Сергей К.', '2', 'Изменен datetime.'), ('73', '2013-10-30 04:07:42', '1', '12', '7', 'Ирина', '2', 'Изменен datetime.'), ('74', '2013-10-30 04:08:35', '1', '12', '6', 'Сергей К.', '2', 'Изменен datetime.'), ('75', '2013-10-30 04:08:57', '1', '12', '8', 'Сергей К.', '2', 'Изменен datetime.'), ('76', '2013-10-30 04:09:29', '1', '12', '9', 'Мария', '2', 'Изменен datetime.'), ('77', '2013-10-30 04:09:56', '1', '12', '10', 'Сергей К.', '2', 'Изменен datetime.'), ('78', '2013-10-30 04:10:21', '1', '12', '9', 'Мария', '2', 'Изменен datetime.'), ('79', '2013-10-30 04:10:29', '1', '12', '8', 'Сергей К.', '2', 'Изменен datetime.'), ('80', '2013-10-30 04:11:05', '1', '12', '11', 'Мария', '2', 'Изменен datetime.'), ('81', '2013-10-30 04:11:25', '1', '12', '10', 'Сергей К.', '2', 'Изменен datetime.'), ('82', '2013-10-30 04:11:36', '1', '12', '10', 'Сергей К.', '2', 'Изменен datetime.'), ('83', '2013-10-30 04:12:19', '1', '12', '13', 'Зинаида', '2', 'Изменен datetime.'), ('84', '2013-10-30 04:12:37', '1', '12', '12', 'Сергей К.', '2', 'Изменен datetime.'), ('85', '2013-10-30 04:13:13', '1', '12', '14', 'Сергей К.', '2', 'Изменен datetime.'), ('86', '2013-10-30 04:13:38', '1', '12', '15', 'Илья', '2', 'Изменен datetime.'), ('87', '2013-10-30 04:14:01', '1', '12', '15', 'Илья', '2', 'Изменен datetime.'), ('88', '2013-10-30 04:15:00', '1', '12', '12', 'Сергей К.', '2', 'Изменен datetime.'), ('89', '2013-10-30 04:15:08', '1', '12', '13', 'Зинаида', '2', 'Изменен datetime.'), ('90', '2013-10-30 04:15:15', '1', '12', '14', 'Сергей К.', '2', 'Изменен datetime.'), ('91', '2013-10-30 04:15:45', '1', '12', '16', 'Сергей К.', '2', 'Изменен datetime.'), ('92', '2013-10-30 04:16:14', '1', '12', '17', 'Алена', '2', 'Изменен datetime.'), ('93', '2013-10-30 04:22:55', '1', '12', '18', 'test', '3', ''), ('94', '2013-10-30 12:15:49', '1', '12', '19', 'еуеы', '3', ''), ('95', '2013-10-31 16:01:47', '1', '9', '1', 'Массаж в Москве', '2', 'Изменен content.'), ('96', '2013-10-31 16:03:59', '1', '9', '1', 'Массаж в Москве', '2', 'Изменен content.'), ('97', '2013-10-31 17:51:08', '1', '9', '1', 'Массаж в Москве', '2', 'Изменен content.'), ('98', '2013-11-02 20:56:44', '1', '9', '2', 'Массаж с доставкой на дом. Что может быть приятнее?', '2', 'Изменен title,description и content.'), ('99', '2013-11-02 20:57:32', '1', '9', '2', 'Массаж на дому', '2', 'Изменен title и description.'), ('100', '2013-11-02 20:58:29', '1', '9', '2', 'Массаж на дому', '2', 'Изменен description.'), ('101', '2013-11-02 20:59:43', '1', '9', '2', 'Массаж на дому', '2', 'Изменен description.'), ('102', '2013-11-06 08:18:54', '1', '9', '3', 'Мануальная терапия', '2', 'Изменен title и content.'), ('103', '2013-11-06 08:20:12', '1', '9', '3', 'Мануальная терапия', '2', 'Изменен description и content.'), ('104', '2013-11-06 08:21:35', '1', '9', '3', 'Мануальная терапия', '2', 'Изменен description.'), ('105', '2013-11-11 17:12:12', '1', '3', '2', 'bodyday', '1', ''), ('106', '2013-11-11 17:14:03', '1', '3', '2', 'bodyday', '2', 'Изменен password,first_name,last_name,email,is_staff и user_permissions.'), ('107', '2013-11-11 17:16:53', '1', '12', '20', 'Review object', '3', ''), ('108', '2013-11-11 17:27:13', '2', '12', '21', 'Review object', '2', 'Изменен review и review_choice.'), ('109', '2013-11-11 17:56:48', '2', '12', '21', 'Review object', '3', ''), ('110', '2013-11-11 18:01:48', '2', '9', '3', 'Мануальная терапия', '2', 'Изменен image.'), ('111', '2013-11-11 22:14:47', '1', '9', '3', 'Мануальная терапия', '2', 'Изменен image.'), ('112', '2013-11-11 22:23:02', '1', '9', '3', 'Мануальная терапия', '2', 'Изменен image.'), ('113', '2013-11-15 09:43:47', '2', '12', '18', 'Review object', '3', ''), ('114', '2013-12-02 21:18:32', '1', '13', '1', 'Семенов Игорь Викторович', '1', ''), ('115', '2013-12-03 09:44:09', '1', '13', '1', 'Семенов Игорь Викторович', '2', 'Изменен content.'), ('116', '2013-12-03 23:11:19', '1', '12', '16', 'Сергей К.', '3', ''), ('117', '2013-12-03 23:11:23', '1', '12', '14', 'Сергей К.', '3', ''), ('118', '2013-12-03 23:11:27', '1', '12', '12', 'Сергей К.', '3', ''), ('119', '2013-12-03 23:11:32', '1', '12', '10', 'Сергей К.', '3', ''), ('120', '2013-12-03 23:11:36', '1', '12', '8', 'Сергей К.', '3', ''), ('121', '2013-12-03 23:11:40', '1', '12', '6', 'Сергей К.', '3', ''), ('122', '2013-12-04 09:08:43', '1', '9', '3', 'Мануальная терапия', '2', 'Изменен content.'), ('123', '2013-12-04 09:32:11', '1', '9', '3', 'Мануальная терапия', '2', 'Изменен content.'), ('124', '2013-12-04 09:32:23', '1', '9', '1', 'Массаж в Москве', '2', 'Изменен content.'), ('125', '2013-12-04 09:36:38', '1', '9', '1', 'Массаж в Москве', '2', 'Изменен content.'), ('126', '2013-12-04 10:02:47', '1', '9', '2', 'Массаж на дому', '2', 'Изменен content.'), ('127', '2013-12-04 10:06:39', '1', '9', '2', 'Массаж на дому', '2', 'Изменен content.'), ('128', '2013-12-04 10:51:38', '1', '13', '2', 'Валерия Лабуз', '1', ''), ('129', '2013-12-04 10:57:30', '1', '13', '2', 'Валерия Лабуз', '2', 'Изменен content.'), ('130', '2013-12-04 10:59:20', '1', '13', '2', 'Валерия Лабуз', '2', 'Изменен datetime.'), ('131', '2013-12-04 10:59:32', '1', '13', '1', 'Семенов Игорь Викторович', '2', 'Изменен datetime.'), ('132', '2013-12-04 11:02:59', '1', '13', '3', 'Сергей Корябин', '1', ''), ('133', '2013-12-04 11:03:13', '1', '13', '3', 'Сергей Корябин', '2', 'Ни одно поле не изменено.'), ('134', '2013-12-04 11:03:50', '1', '13', '3', 'Сергей Корябин', '2', 'Изменен content.'), ('135', '2013-12-05 19:05:52', '1', '9', '3', 'Мануальная терапия', '2', 'Изменен image.'), ('136', '2013-12-05 19:07:27', '1', '9', '3', 'Мануальная терапия', '2', 'Изменен image.'), ('137', '2013-12-05 19:08:19', '1', '13', '2', 'Валерия Лабуз', '2', 'Изменен image.'), ('138', '2013-12-05 19:08:36', '1', '13', '1', 'Семенов Игорь Викторович', '2', 'Изменен image.'), ('139', '2013-12-05 19:09:11', '1', '13', '3', 'Сергей Корябин', '2', 'Изменен image.'), ('140', '2013-12-05 19:09:57', '1', '13', '3', 'Сергей Корябин', '2', 'Изменен datetime.'), ('141', '2013-12-06 13:26:47', '1', '9', '4', 'Контакты', '2', 'Изменен slug.'), ('142', '2013-12-06 13:27:12', '1', '9', '3', 'Мануальная терапия', '2', 'Изменен slug.'), ('143', '2013-12-06 13:27:33', '1', '9', '1', 'Массаж в Москве', '2', 'Изменен slug.'), ('144', '2013-12-06 13:27:50', '1', '9', '2', 'Массаж на дому', '2', 'Изменен slug.'), ('145', '2013-12-06 13:28:54', '1', '8', '2', 'Антицеллюлитный массаж, обёртывание, пилинг', '2', 'Изменен slug.'), ('146', '2013-12-06 13:29:10', '1', '8', '5', 'Баночный массаж', '2', 'Изменен slug.'), ('147', '2013-12-06 13:29:33', '1', '8', '4', 'Лечение боли в спине', '2', 'Изменен slug.'), ('148', '2013-12-06 13:29:47', '1', '8', '3', 'Лимфодренажный массаж', '2', 'Изменен slug.'), ('149', '2013-12-06 13:30:05', '1', '8', '7', 'Мануальная терапия', '2', 'Изменен slug.'), ('150', '2013-12-06 13:30:36', '1', '8', '7', 'Мануальная терапия', '2', 'Изменен slug.'), ('151', '2013-12-06 13:30:52', '1', '8', '6', 'Медовый массаж', '2', 'Изменен slug.'), ('152', '2013-12-06 13:31:08', '1', '8', '1', 'Немного о массаже', '2', 'Изменен slug.'), ('153', '2013-12-06 13:31:50', '1', '8', '8', 'Обертывания и пеленания с использованием косметики из Австрии AROMADERM (STYX)', '2', 'Изменен slug.'), ('154', '2013-12-06 19:25:37', '1', '6', '1', 'bodyday.ru', '2', 'Изменен domain и name.'), ('155', '2013-12-17 21:42:30', '1', '13', '4', 'Елена Нестерова', '1', ''), ('156', '2013-12-18 13:26:31', '1', '13', '1', 'Семенов Игорь Викторович', '2', 'Изменен content.'), ('157', '2013-12-18 13:27:28', '1', '13', '2', 'Валерия Лабуз', '2', 'Изменен content.'), ('158', '2014-01-12 04:54:29', '1', '9', '1', 'Массаж в Москве', '2', 'Изменен content.'), ('159', '2014-01-12 05:07:11', '1', '13', '2', 'Валерия Лабуз', '3', ''), ('160', '2014-02-06 18:09:35', '1', '13', '5', 'Евгения', '2', 'Изменен whois_choice.'), ('161', '2014-02-06 18:09:42', '1', '13', '5', 'Евгения', '2', 'Изменен whois_choice.'), ('162', '2014-02-06 18:09:47', '1', '13', '5', 'Евгения', '2', 'Изменен whois_choice.'), ('163', '2014-02-06 18:24:51', '1', '13', '5', 'Евгения', '2', 'Изменен prof_choice.'), ('164', '2014-02-06 18:25:14', '1', '13', '4', 'Елена Николаевна Божко', '2', 'Изменен prof_choice.'), ('165', '2014-02-06 18:25:25', '1', '13', '1', 'Семенов Игорь Викторович', '2', 'Изменен prof_choice.'), ('166', '2014-02-06 18:25:28', '1', '13', '3', 'Сергей Корябин', '2', 'Изменен prof_choice.'), ('167', '2014-03-04 08:02:21', '1', '17', '1', 'hello world', '1', ''), ('168', '2014-03-04 08:13:04', '1', '17', '2', 'new test', '1', ''), ('169', '2014-03-04 08:16:33', '1', '17', '3', 'ok ok', '1', ''), ('170', '2014-03-04 09:52:44', '1', '17', '4', 'hey', '1', ''), ('171', '2014-03-04 11:04:27', '1', '17', '5', 'цугк', '1', ''), ('172', '2014-03-04 11:06:33', '1', '17', '6', 'Порядок работ по продвижению ', '1', ''), ('173', '2014-03-05 11:06:33', '1', '17', '7', 'test', '1', ''), ('174', '2014-03-05 13:03:44', '1', '17', '8', 'new test', '1', ''), ('175', '2014-03-05 16:44:26', '1', '17', '9', 'фвафа', '1', ''), ('176', '2014-03-05 16:47:00', '1', '17', '10', 'dsfaf', '1', ''), ('177', '2014-03-05 16:49:48', '1', '17', '11', 'dfadfa', '1', ''), ('178', '2014-03-05 16:52:00', '1', '17', '12', 'adsfadf', '1', ''), ('179', '2014-03-05 17:16:40', '1', '17', '13', 'adfadf', '1', ''), ('180', '2014-03-05 22:23:15', '1', '17', '14', 'афвпфвп', '1', ''), ('181', '2014-03-06 06:14:48', '1', '17', '15', 'тест', '1', ''), ('182', '2014-03-07 11:56:36', '1', '17', '16', 'alkdjsfla', '1', ''), ('183', '2014-03-08 10:28:11', '1', '17', '17', 'agfasdf', '1', ''), ('184', '2014-03-08 10:38:09', '1', '17', '18', 'adfkh', '1', ''), ('185', '2014-03-08 18:54:50', '1', '17', '19', 'фвфва', '1', ''), ('186', '2014-03-08 19:04:34', '1', '17', '20', 'adsfafd', '1', ''), ('187', '2014-03-08 19:15:25', '1', '17', '21', 'фывал', '1', ''), ('188', '2014-03-08 19:19:21', '1', '17', '22', 'fgjladf', '1', ''), ('189', '2014-03-08 19:21:24', '1', '17', '23', 'adsfasdf', '1', ''), ('190', '2014-03-08 19:24:19', '1', '17', '24', 'Продвижение сайта и верстка', '1', '');
COMMIT;

-- ----------------------------
--  Table structure for `django_comment_flags`
-- ----------------------------
DROP TABLE IF EXISTS `django_comment_flags`;
CREATE TABLE `django_comment_flags` (
  `id` int(11) NOT NULL AUTO_INCREMENT,
  `user_id` int(11) NOT NULL,
  `comment_id` int(11) NOT NULL,
  `flag` varchar(30) COLLATE utf8_unicode_ci NOT NULL,
  `flag_date` datetime NOT NULL,
  PRIMARY KEY (`id`),
  UNIQUE KEY `user_id` (`user_id`,`comment_id`,`flag`),
  KEY `django_comment_flags_6340c63c` (`user_id`),
  KEY `django_comment_flags_3925f323` (`comment_id`),
  KEY `django_comment_flags_9f00eb17` (`flag`),
  CONSTRAINT `comment_id_refs_id_669ff450` FOREIGN KEY (`comment_id`) REFERENCES `django_comments` (`id`),
  CONSTRAINT `user_id_refs_id_73e17509` FOREIGN KEY (`user_id`) REFERENCES `auth_user` (`id`)
) ENGINE=InnoDB DEFAULT CHARSET=utf8 COLLATE=utf8_unicode_ci;

-- ----------------------------
--  Table structure for `django_comments`
-- ----------------------------
DROP TABLE IF EXISTS `django_comments`;
CREATE TABLE `django_comments` (
  `id` int(11) NOT NULL AUTO_INCREMENT,
  `content_type_id` int(11) NOT NULL,
  `object_pk` longtext COLLATE utf8_unicode_ci NOT NULL,
  `site_id` int(11) NOT NULL,
  `user_id` int(11) DEFAULT NULL,
  `user_name` varchar(50) COLLATE utf8_unicode_ci NOT NULL,
  `user_email` varchar(75) COLLATE utf8_unicode_ci NOT NULL,
  `user_url` varchar(200) COLLATE utf8_unicode_ci NOT NULL,
  `comment` longtext COLLATE utf8_unicode_ci NOT NULL,
  `submit_date` datetime NOT NULL,
  `ip_address` char(15) COLLATE utf8_unicode_ci DEFAULT NULL,
  `is_public` tinyint(1) NOT NULL,
  `is_removed` tinyint(1) NOT NULL,
  PRIMARY KEY (`id`),
  KEY `django_comments_37ef4eb4` (`content_type_id`),
  KEY `django_comments_99732b5c` (`site_id`),
  KEY `django_comments_6340c63c` (`user_id`),
  CONSTRAINT `content_type_id_refs_id_5ce75e49` FOREIGN KEY (`content_type_id`) REFERENCES `django_content_type` (`id`),
  CONSTRAINT `site_id_refs_id_c6498c81` FOREIGN KEY (`site_id`) REFERENCES `django_site` (`id`),
  CONSTRAINT `user_id_refs_id_c4f1d065` FOREIGN KEY (`user_id`) REFERENCES `auth_user` (`id`)
) ENGINE=InnoDB AUTO_INCREMENT=8 DEFAULT CHARSET=utf8 COLLATE=utf8_unicode_ci;

-- ----------------------------
--  Records of `django_comments`
-- ----------------------------
BEGIN;
INSERT INTO `django_comments` VALUES ('1', '12', '5', '1', '1', 'Сергей', 'admin@example.com', '', 'Благодарю Вас Наташа за высокую оценку моего труда!Да,я видел это чудо и радовался наверное больше чем Вы!Слава Богу за Его дар!', '2013-12-03 23:06:11', '5.77.4.49', '1', '0'), ('2', '12', '7', '1', '1', 'Сергей', 'admin@example.com', '', 'Будьте здоровы Ирина,пусть Бог Вас хранит от всех недугов!С уважением Сергей Константинович!', '2013-12-03 23:07:38', '5.77.4.49', '1', '0'), ('3', '12', '13', '1', '1', 'Сергей', 'admin@example.com', '', 'НЕ БОЛЕЙТЕ БОЛЬШЕ ЗИНАИДА,БЕРЕГИТЕ СЕБЯ! Я БЫЛ РАД СЛУЖА ВАМ! ВАШ ДОКТОР!', '2013-12-03 23:08:09', '5.77.4.49', '1', '0'), ('4', '12', '15', '1', '1', 'Сергей', 'admin@example.com', '', 'Доброго здоровья Вам Илья,занимайтесь по возможности спортом и не болейте!Рад буду еще Вам послужить!', '2013-12-03 23:08:34', '5.77.4.49', '1', '0'), ('5', '12', '11', '1', '1', 'Сергей', 'admin@example.com', '', 'Спасибо Маша за теплые слова,я старался!', '2013-12-03 23:10:04', '5.77.4.49', '1', '0'), ('6', '12', '17', '1', '1', 'Сергей', 'admin@example.com', '', 'Я очень рад, что исцеление наступило! Не болей больше!', '2013-12-03 23:10:49', '5.77.4.49', '1', '0'), ('7', '9', '3', '1', null, 'Александр', 'greenteamer@bk.ru', '', 'Спасибо за статью, надо же, даже не думал что когда сижу такая нагрузка на спину может быть ... 140%', '2013-12-03 23:15:23', '5.77.4.49', '1', '0');
COMMIT;

-- ----------------------------
--  Table structure for `django_content_type`
-- ----------------------------
DROP TABLE IF EXISTS `django_content_type`;
CREATE TABLE `django_content_type` (
  `id` int(11) NOT NULL AUTO_INCREMENT,
  `name` varchar(100) COLLATE utf8_unicode_ci NOT NULL,
  `app_label` varchar(100) COLLATE utf8_unicode_ci NOT NULL,
  `model` varchar(100) COLLATE utf8_unicode_ci NOT NULL,
  PRIMARY KEY (`id`),
  UNIQUE KEY `app_label` (`app_label`,`model`)
) ENGINE=InnoDB AUTO_INCREMENT=18 DEFAULT CHARSET=utf8 COLLATE=utf8_unicode_ci ROW_FORMAT=COMPACT;

-- ----------------------------
--  Records of `django_content_type`
-- ----------------------------
BEGIN;
INSERT INTO `django_content_type` VALUES ('1', 'permission', 'auth', 'permission'), ('2', 'group', 'auth', 'group'), ('3', 'user', 'auth', 'user'), ('4', 'content type', 'contenttypes', 'contenttype'), ('5', 'session', 'sessions', 'session'), ('6', 'site', 'sites', 'site'), ('7', 'log entry', 'admin', 'logentry'), ('8', 'post', 'blog', 'post'), ('9', 'page', 'blog', 'page'), ('10', 'Иллюстрация', 'gallery', 'photo'), ('12', 'review', 'blog', 'review'), ('13', 'Специалисты', 'specialist', 'expert'), ('14', 'comment', 'comments', 'comment'), ('15', 'comment flag', 'comments', 'commentflag'), ('16', 'migration history', 'south', 'migrationhistory'), ('17', 'Email', 'mail', 'mail');
COMMIT;

-- ----------------------------
--  Table structure for `django_session`
-- ----------------------------
DROP TABLE IF EXISTS `django_session`;
CREATE TABLE `django_session` (
  `session_key` varchar(40) COLLATE utf8_unicode_ci NOT NULL,
  `session_data` longtext COLLATE utf8_unicode_ci NOT NULL,
  `expire_date` datetime NOT NULL,
  PRIMARY KEY (`session_key`),
  KEY `django_session_b7b81f0c` (`expire_date`)
) ENGINE=InnoDB DEFAULT CHARSET=utf8 COLLATE=utf8_unicode_ci ROW_FORMAT=COMPACT;

-- ----------------------------
--  Records of `django_session`
-- ----------------------------
BEGIN;
INSERT INTO `django_session` VALUES ('0dzxcrg4ih4jxsamomi888bu75xm3tv6', 'MDA3YjJiYTM5ZGVmYWZiMzZmMDNlY2U1MTJmNGFiMzZmNzE2Nzk1MDp7Il9hdXRoX3VzZXJfYmFja2VuZCI6ImRqYW5nby5jb250cmliLmF1dGguYmFja2VuZHMuTW9kZWxCYWNrZW5kIiwiX2F1dGhfdXNlcl9pZCI6MX0=', '2013-11-14 16:38:01'), ('0rabunn2qkmtyowl60ebrw23l8wikuve', 'MDA3YjJiYTM5ZGVmYWZiMzZmMDNlY2U1MTJmNGFiMzZmNzE2Nzk1MDp7Il9hdXRoX3VzZXJfYmFja2VuZCI6ImRqYW5nby5jb250cmliLmF1dGguYmFja2VuZHMuTW9kZWxCYWNrZW5kIiwiX2F1dGhfdXNlcl9pZCI6MX0=', '2013-10-23 13:08:25'), ('2aec8u7wexzb22cej7uvyt8n9lcnv82a', 'OWM3OTA5N2RlOWFhZjA3Yjc3MWVkYzc5YTc4OTU3Nzk5YWUwZjg3Yjp7InRlc3Rjb29raWUiOiJ3b3JrZWQifQ==', '2013-12-02 05:35:52'), ('2ig9klf773gg359l578ix4m1d9yl0rfj', 'OWM3OTA5N2RlOWFhZjA3Yjc3MWVkYzc5YTc4OTU3Nzk5YWUwZjg3Yjp7InRlc3Rjb29raWUiOiJ3b3JrZWQifQ==', '2013-12-10 15:00:43'), ('2lj0uw9mm9m6jq1srv40zlrawtqtvnx8', 'OWM3OTA5N2RlOWFhZjA3Yjc3MWVkYzc5YTc4OTU3Nzk5YWUwZjg3Yjp7InRlc3Rjb29raWUiOiJ3b3JrZWQifQ==', '2013-12-02 15:53:11'), ('2pk08zftlyxgkr8rl1x81jfsmr9hu4hq', 'OWM3OTA5N2RlOWFhZjA3Yjc3MWVkYzc5YTc4OTU3Nzk5YWUwZjg3Yjp7InRlc3Rjb29raWUiOiJ3b3JrZWQifQ==', '2013-12-31 00:57:03'), ('3dwo0vsd2xzfyn80tytzsxzpq4mswpyx', 'MjMyZjcyOWE2MTgxODJiMGZlOTJkZmEwMWUyYzQ2YTlmZDA1ZDg3OTp7Il9hdXRoX3VzZXJfYmFja2VuZCI6ImRqYW5nby5jb250cmliLmF1dGguYmFja2VuZHMuTW9kZWxCYWNrZW5kIiwiX2F1dGhfdXNlcl9pZCI6Mn0=', '2013-12-10 15:01:03'), ('3fymiebrfvkqigxtvayidin413lu4yyc', 'OWM3OTA5N2RlOWFhZjA3Yjc3MWVkYzc5YTc4OTU3Nzk5YWUwZjg3Yjp7InRlc3Rjb29raWUiOiJ3b3JrZWQifQ==', '2013-12-21 20:39:11'), ('3tq0dynjbp94xxiuh05t77r6qgvdbnvg', 'MDA3YjJiYTM5ZGVmYWZiMzZmMDNlY2U1MTJmNGFiMzZmNzE2Nzk1MDp7Il9hdXRoX3VzZXJfYmFja2VuZCI6ImRqYW5nby5jb250cmliLmF1dGguYmFja2VuZHMuTW9kZWxCYWNrZW5kIiwiX2F1dGhfdXNlcl9pZCI6MX0=', '2014-01-26 04:53:22'), ('51fpvol1i8qettw03lfl8uyamsixfyzw', 'MDA3YjJiYTM5ZGVmYWZiMzZmMDNlY2U1MTJmNGFiMzZmNzE2Nzk1MDp7Il9hdXRoX3VzZXJfYmFja2VuZCI6ImRqYW5nby5jb250cmliLmF1dGguYmFja2VuZHMuTW9kZWxCYWNrZW5kIiwiX2F1dGhfdXNlcl9pZCI6MX0=', '2014-01-23 08:59:15'), ('5l0nqxuaxm6ahb35gxkv0ifhnfznxxh0', 'OWM3OTA5N2RlOWFhZjA3Yjc3MWVkYzc5YTc4OTU3Nzk5YWUwZjg3Yjp7InRlc3Rjb29raWUiOiJ3b3JrZWQifQ==', '2013-11-10 17:17:57'), ('65fy70izr2zroyope6utt9rnce2g78y3', 'MjMyZjcyOWE2MTgxODJiMGZlOTJkZmEwMWUyYzQ2YTlmZDA1ZDg3OTp7Il9hdXRoX3VzZXJfYmFja2VuZCI6ImRqYW5nby5jb250cmliLmF1dGguYmFja2VuZHMuTW9kZWxCYWNrZW5kIiwiX2F1dGhfdXNlcl9pZCI6Mn0=', '2013-11-25 17:15:32'), ('6ip01bajc1514k6c4yzmibc3s8xjpqqp', 'MDA3YjJiYTM5ZGVmYWZiMzZmMDNlY2U1MTJmNGFiMzZmNzE2Nzk1MDp7Il9hdXRoX3VzZXJfYmFja2VuZCI6ImRqYW5nby5jb250cmliLmF1dGguYmFja2VuZHMuTW9kZWxCYWNrZW5kIiwiX2F1dGhfdXNlcl9pZCI6MX0=', '2014-01-01 20:00:23'), ('a256m00vf24pqw8sa162rn2imt4ciyf6', 'MDA3YjJiYTM5ZGVmYWZiMzZmMDNlY2U1MTJmNGFiMzZmNzE2Nzk1MDp7Il9hdXRoX3VzZXJfYmFja2VuZCI6ImRqYW5nby5jb250cmliLmF1dGguYmFja2VuZHMuTW9kZWxCYWNrZW5kIiwiX2F1dGhfdXNlcl9pZCI6MX0=', '2013-11-05 04:28:16'), ('a37187p78rsgm59wagz2ca3g67p2ldah', 'MDA3YjJiYTM5ZGVmYWZiMzZmMDNlY2U1MTJmNGFiMzZmNzE2Nzk1MDp7Il9hdXRoX3VzZXJfYmFja2VuZCI6ImRqYW5nby5jb250cmliLmF1dGguYmFja2VuZHMuTW9kZWxCYWNrZW5kIiwiX2F1dGhfdXNlcl9pZCI6MX0=', '2013-10-17 16:01:06'), ('a5pr7q4i7n6wzax82zrs4c3d3129up8y', 'ZTg2YWEwNDMwNjYzNjRmYzI4M2Y3NGE0MWJmOTJjNDQyNGZlMTQ3YTp7fQ==', '2014-01-19 21:48:37'), ('a8d2yrcsyrd230p3bn2539fkca0775r8', 'OWM3OTA5N2RlOWFhZjA3Yjc3MWVkYzc5YTc4OTU3Nzk5YWUwZjg3Yjp7InRlc3Rjb29raWUiOiJ3b3JrZWQifQ==', '2013-11-16 09:11:12'), ('ae42d5stjyzv41sul0mumq8i0mqgl922', 'OWM3OTA5N2RlOWFhZjA3Yjc3MWVkYzc5YTc4OTU3Nzk5YWUwZjg3Yjp7InRlc3Rjb29raWUiOiJ3b3JrZWQifQ==', '2013-12-02 05:35:54'), ('alf1mdo1itp8dd6j62vylebxmetbmny3', 'OWM3OTA5N2RlOWFhZjA3Yjc3MWVkYzc5YTc4OTU3Nzk5YWUwZjg3Yjp7InRlc3Rjb29raWUiOiJ3b3JrZWQifQ==', '2014-01-01 20:00:19'), ('aq0lzkrn8p4uveagwut6b44m86bljix0', 'MDA3YjJiYTM5ZGVmYWZiMzZmMDNlY2U1MTJmNGFiMzZmNzE2Nzk1MDp7Il9hdXRoX3VzZXJfYmFja2VuZCI6ImRqYW5nby5jb250cmliLmF1dGguYmFja2VuZHMuTW9kZWxCYWNrZW5kIiwiX2F1dGhfdXNlcl9pZCI6MX0=', '2013-11-08 03:46:15'), ('b9pkfsmgg8vo9pequr9m80frjr2axe3y', 'MjMyZjcyOWE2MTgxODJiMGZlOTJkZmEwMWUyYzQ2YTlmZDA1ZDg3OTp7Il9hdXRoX3VzZXJfYmFja2VuZCI6ImRqYW5nby5jb250cmliLmF1dGguYmFja2VuZHMuTW9kZWxCYWNrZW5kIiwiX2F1dGhfdXNlcl9pZCI6Mn0=', '2013-12-29 07:26:07'), ('dsh4i12gm02y4ytxhz5pipt9xaex3siy', 'MDA3YjJiYTM5ZGVmYWZiMzZmMDNlY2U1MTJmNGFiMzZmNzE2Nzk1MDp7Il9hdXRoX3VzZXJfYmFja2VuZCI6ImRqYW5nby5jb250cmliLmF1dGguYmFja2VuZHMuTW9kZWxCYWNrZW5kIiwiX2F1dGhfdXNlcl9pZCI6MX0=', '2013-11-13 03:41:48'), ('ejph3muuzzkczyz4zay6anz4er44gfgv', 'OWM3OTA5N2RlOWFhZjA3Yjc3MWVkYzc5YTc4OTU3Nzk5YWUwZjg3Yjp7InRlc3Rjb29raWUiOiJ3b3JrZWQifQ==', '2013-11-10 17:13:37'), ('epjtnknlg5eia73qwml0e9xwk4oh3raz', 'MDA3YjJiYTM5ZGVmYWZiMzZmMDNlY2U1MTJmNGFiMzZmNzE2Nzk1MDp7Il9hdXRoX3VzZXJfYmFja2VuZCI6ImRqYW5nby5jb250cmliLmF1dGguYmFja2VuZHMuTW9kZWxCYWNrZW5kIiwiX2F1dGhfdXNlcl9pZCI6MX0=', '2014-03-18 07:47:11'), ('igkr481hhmwzfl3ig70wnaepgwjf5mic', 'OWM3OTA5N2RlOWFhZjA3Yjc3MWVkYzc5YTc4OTU3Nzk5YWUwZjg3Yjp7InRlc3Rjb29raWUiOiJ3b3JrZWQifQ==', '2013-12-04 09:37:08'), ('j0u1rka5lfcc12v2mumk6jhb4sasn8xt', 'MjMyZjcyOWE2MTgxODJiMGZlOTJkZmEwMWUyYzQ2YTlmZDA1ZDg3OTp7Il9hdXRoX3VzZXJfYmFja2VuZCI6ImRqYW5nby5jb250cmliLmF1dGguYmFja2VuZHMuTW9kZWxCYWNrZW5kIiwiX2F1dGhfdXNlcl9pZCI6Mn0=', '2013-11-29 09:39:46'), ('lfr1ybmh1wr8btixlnssi07gp3qc7n38', 'MDA3YjJiYTM5ZGVmYWZiMzZmMDNlY2U1MTJmNGFiMzZmNzE2Nzk1MDp7Il9hdXRoX3VzZXJfYmFja2VuZCI6ImRqYW5nby5jb250cmliLmF1dGguYmFja2VuZHMuTW9kZWxCYWNrZW5kIiwiX2F1dGhfdXNlcl9pZCI6MX0=', '2013-12-31 21:36:18'), ('lp3f7h46rhhn2ame0lhte3d3f5d0qafx', 'OWM3OTA5N2RlOWFhZjA3Yjc3MWVkYzc5YTc4OTU3Nzk5YWUwZjg3Yjp7InRlc3Rjb29raWUiOiJ3b3JrZWQifQ==', '2013-12-23 11:42:30'), ('n0h8qrudd75fqbvihrfnw8e54t3m6eoy', 'OWM3OTA5N2RlOWFhZjA3Yjc3MWVkYzc5YTc4OTU3Nzk5YWUwZjg3Yjp7InRlc3Rjb29raWUiOiJ3b3JrZWQifQ==', '2013-11-10 17:15:10'), ('nghjrrjkwthtcwi4q7q83ig87hbhp4lm', 'MDA3YjJiYTM5ZGVmYWZiMzZmMDNlY2U1MTJmNGFiMzZmNzE2Nzk1MDp7Il9hdXRoX3VzZXJfYmFja2VuZCI6ImRqYW5nby5jb250cmliLmF1dGguYmFja2VuZHMuTW9kZWxCYWNrZW5kIiwiX2F1dGhfdXNlcl9pZCI6MX0=', '2013-12-16 20:53:00'), ('njthax703wnf6nwehvh30f4kwel6yhkf', 'OWM3OTA5N2RlOWFhZjA3Yjc3MWVkYzc5YTc4OTU3Nzk5YWUwZjg3Yjp7InRlc3Rjb29raWUiOiJ3b3JrZWQifQ==', '2013-12-10 15:00:50'), ('nvty8sh19yoow0bwe0bgtloepxzu4ex5', 'OWM3OTA5N2RlOWFhZjA3Yjc3MWVkYzc5YTc4OTU3Nzk5YWUwZjg3Yjp7InRlc3Rjb29raWUiOiJ3b3JrZWQifQ==', '2013-11-10 17:11:41'), ('ofk4f4qmw9s24ihvpgpus705qqp761bm', 'MDA3YjJiYTM5ZGVmYWZiMzZmMDNlY2U1MTJmNGFiMzZmNzE2Nzk1MDp7Il9hdXRoX3VzZXJfYmFja2VuZCI6ImRqYW5nby5jb250cmliLmF1dGguYmFja2VuZHMuTW9kZWxCYWNrZW5kIiwiX2F1dGhfdXNlcl9pZCI6MX0=', '2013-11-04 05:21:00'), ('ptclsur8a789vil72payhw4wfnmlvdpg', 'OWM3OTA5N2RlOWFhZjA3Yjc3MWVkYzc5YTc4OTU3Nzk5YWUwZjg3Yjp7InRlc3Rjb29raWUiOiJ3b3JrZWQifQ==', '2013-11-08 03:39:54'), ('qddyw88l45ei6hn4w12glwzzydhw9al6', 'OWM3OTA5N2RlOWFhZjA3Yjc3MWVkYzc5YTc4OTU3Nzk5YWUwZjg3Yjp7InRlc3Rjb29raWUiOiJ3b3JrZWQifQ==', '2013-12-29 07:23:08'), ('qe7j2nma2nb69gscbrwq7nj2syazcbeo', 'ZTg2YWEwNDMwNjYzNjRmYzI4M2Y3NGE0MWJmOTJjNDQyNGZlMTQ3YTp7fQ==', '2013-11-05 18:48:13'), ('rln33m58mxo8vis1ow8pszjyo45ehs4m', 'MDA3YjJiYTM5ZGVmYWZiMzZmMDNlY2U1MTJmNGFiMzZmNzE2Nzk1MDp7Il9hdXRoX3VzZXJfYmFja2VuZCI6ImRqYW5nby5jb250cmliLmF1dGguYmFja2VuZHMuTW9kZWxCYWNrZW5kIiwiX2F1dGhfdXNlcl9pZCI6MX0=', '2013-10-23 17:06:22'), ('s50gc7c2fv6sj1m883s987bxzpkqbgq9', 'OWM3OTA5N2RlOWFhZjA3Yjc3MWVkYzc5YTc4OTU3Nzk5YWUwZjg3Yjp7InRlc3Rjb29raWUiOiJ3b3JrZWQifQ==', '2013-12-03 16:44:51'), ('t2wjp2p0khqm9x9qhfyb6owrovtcpe3d', 'OWM3OTA5N2RlOWFhZjA3Yjc3MWVkYzc5YTc4OTU3Nzk5YWUwZjg3Yjp7InRlc3Rjb29raWUiOiJ3b3JrZWQifQ==', '2013-12-10 15:00:51'), ('tdxn9lc3mwsga69bu08crgu0kmvlq45y', 'ZTg2YWEwNDMwNjYzNjRmYzI4M2Y3NGE0MWJmOTJjNDQyNGZlMTQ3YTp7fQ==', '2014-01-31 16:57:49'), ('ush27m25i4m41d6vfvodaudxql6nk55n', 'ZTg2YWEwNDMwNjYzNjRmYzI4M2Y3NGE0MWJmOTJjNDQyNGZlMTQ3YTp7fQ==', '2014-01-11 18:49:13'), ('wp49c6qswzeu1coen5y7la68hang6muy', 'OWM3OTA5N2RlOWFhZjA3Yjc3MWVkYzc5YTc4OTU3Nzk5YWUwZjg3Yjp7InRlc3Rjb29raWUiOiJ3b3JrZWQifQ==', '2013-12-10 15:00:43'), ('ww90bgmz4ralzt6khez4mwj8xcbgm7jj', 'MDA3YjJiYTM5ZGVmYWZiMzZmMDNlY2U1MTJmNGFiMzZmNzE2Nzk1MDp7Il9hdXRoX3VzZXJfYmFja2VuZCI6ImRqYW5nby5jb250cmliLmF1dGguYmFja2VuZHMuTW9kZWxCYWNrZW5kIiwiX2F1dGhfdXNlcl9pZCI6MX0=', '2014-02-20 16:15:35'), ('z12iy99qq1q6d3aa6cj875wvdxbs4rgm', 'MDA3YjJiYTM5ZGVmYWZiMzZmMDNlY2U1MTJmNGFiMzZmNzE2Nzk1MDp7Il9hdXRoX3VzZXJfYmFja2VuZCI6ImRqYW5nby5jb250cmliLmF1dGguYmFja2VuZHMuTW9kZWxCYWNrZW5kIiwiX2F1dGhfdXNlcl9pZCI6MX0=', '2013-11-05 18:58:28');
COMMIT;

-- ----------------------------
--  Table structure for `django_site`
-- ----------------------------
DROP TABLE IF EXISTS `django_site`;
CREATE TABLE `django_site` (
  `id` int(11) NOT NULL AUTO_INCREMENT,
  `domain` varchar(100) COLLATE utf8_unicode_ci NOT NULL,
  `name` varchar(50) COLLATE utf8_unicode_ci NOT NULL,
  PRIMARY KEY (`id`)
) ENGINE=InnoDB AUTO_INCREMENT=2 DEFAULT CHARSET=utf8 COLLATE=utf8_unicode_ci ROW_FORMAT=COMPACT;

-- ----------------------------
--  Records of `django_site`
-- ----------------------------
BEGIN;
INSERT INTO `django_site` VALUES ('1', 'bodyday.ru', 'bodyday.ru');
COMMIT;

-- ----------------------------
--  Table structure for `gallery_photo`
-- ----------------------------
DROP TABLE IF EXISTS `gallery_photo`;
CREATE TABLE `gallery_photo` (
  `id` int(11) NOT NULL AUTO_INCREMENT,
  `title` varchar(250) COLLATE utf8_unicode_ci NOT NULL,
  `image` varchar(100) COLLATE utf8_unicode_ci NOT NULL,
  `captions` varchar(250) COLLATE utf8_unicode_ci NOT NULL,
  PRIMARY KEY (`id`)
) ENGINE=InnoDB AUTO_INCREMENT=7 DEFAULT CHARSET=utf8 COLLATE=utf8_unicode_ci ROW_FORMAT=COMPACT;

-- ----------------------------
--  Records of `gallery_photo`
-- ----------------------------
BEGIN;
INSERT INTO `gallery_photo` VALUES ('1', 'first', 'gallery/depositphotos_1745016-Massage_1.jpg', ''), ('2', 'second', 'gallery/depositphotos_3734627-Foot-massage.jpg', ''), ('3', 'third', 'gallery/depositphotos_3889573-Foot-massage_1.jpg', ''), ('4', 'fourth', 'gallery/depositphotos_3889577-Foot-massage_1.jpg', ''), ('5', 'fifth', 'gallery/depositphotos_3889580-Foot-massage_1.jpg', ''), ('6', 'sixth', 'gallery/depositphotos_3889584-Foot-massage_1.jpg', '');
COMMIT;

-- ----------------------------
--  Table structure for `mail_mail`
-- ----------------------------
DROP TABLE IF EXISTS `mail_mail`;
CREATE TABLE `mail_mail` (
  `id` int(11) NOT NULL AUTO_INCREMENT,
  `title` varchar(255) COLLATE utf8_unicode_ci NOT NULL,
  `content` longtext COLLATE utf8_unicode_ci NOT NULL,
  `to` varchar(150) COLLATE utf8_unicode_ci NOT NULL,
  PRIMARY KEY (`id`)
) ENGINE=InnoDB AUTO_INCREMENT=25 DEFAULT CHARSET=utf8 COLLATE=utf8_unicode_ci;

-- ----------------------------
--  Records of `mail_mail`
-- ----------------------------
BEGIN;
INSERT INTO `mail_mail` VALUES ('1', 'hello world', '<p>hello</p>\r\n', 'greenteamer@bk.ru'), ('2', 'new test', '<div>\r\n	<div style=\"min-height: 150px;\">\r\n		<div style=\"margin: 20px;width:  260px;float: left;\">\r\n			<h1 style=\"text-align: left;margin: 0;text-align: right;padding-right: 20px;\">FORWARD</h1>\r\n			<h2 style=\"text-align: left;text-align: right;padding-right: 20px;margin: 5px 0 0 0;\">СОЗДАНИЕ И ПРОДВИЖЕНИЕ <span style=\"font-size: 18px;font-weight: 300;\">САЙТОВ</span> </h2>\r\n			\r\n		</div>\r\n		<div style=\"padding-top:  10px;float: right;height: 120px;color:#fff;padding: 20px;background: #5E5E5E;\">\r\n			<h3 style=\"text-align: right;color:#fff!important;\"><a href=\"http://www.forward70.ru\" target=\"_blank\">www.forward70.ru</a></h3>\r\n			<h3 style=\"text-align: right;color:#fff;\">forward.70@yandex.ru</h3>\r\n			<h3 style=\"text-align: right;color:#fff;\">Кирова 58/55 оф.61</h3>\r\n			<h3 style=\"text-align: right;color:#fff;\">94-20-19</h3>\r\n		</div>\r\n	</div>\r\n	<div style=\"padding: 0 20px;\">\r\n		<h1 style=\"text-align: right;margin: 0;\">Коммерческое предложение<span style=\"font-size: 18px;font-weight: 300;\"> для сайта </span><span style=\"color: red;\">fortexupak.ru</span></h1>\r\n		 \r\n	</div>\r\n	<div>\r\n		<div style=\"margin: 10px 0;background:url(https://proxy.imgsmail.ru/?h=tskis-BmF1aMkR98AKPXJg&amp;e=1394179853&amp;url717=942019.ru/mail/comercial/blue.jpg) no-repeat; padding:  30px 20px 40px 20px;color: #D9D9D9;font-size: 12px;line-height: 18px;\">\r\n			<h3 style=\"margin-bottom:  10px;font-size:  16px;color:#fff!important;\">Компания FORWARD предлагает Вам произвести реконструкцию и продвижение сайта в поисковой системе Yandex.</h3>\r\n			По анализу Вашего сайта были выявлены ряд недостатков, которые не позволяют ему быть доступным для Ваших клиентов. Работы, которые позволят устранить все недостатки, дадут Вам возможность успешно конкурировать с другими компаниями в сети интернет на Российском рынке.\r\n		</div>\r\n	</div>\r\n	<div>\r\n		<h1 style=\"text-align: center;\">Стратегия</h1>\r\n		<div style=\"float: left;width: 320px;padding: 20px 10px 20px 20px;\">\r\n			<h2 style=\"color: #0A5C25;font-weight: bold;\">1) Реконструкция сайта</h2>\r\n			<ul>\r\n				<li>a)   Изменение дизайна (поисковые системы имеют определенные требования к дизайну и конструкции сайта для улучшения выдачи его в поисковой системе )</li>\r\n				<li>б) Изменение структуры сайта (оптимизация сайта для лучшей видимости сайта поисковой системой)\r\n			стоимость работ составит 20000р.</li>\r\n			</ul>\r\n			<div style=\"width: 320px;float: left;text-align: center;\">\r\n			<h2 style=\"color: #0A5C25;font-weight: bold;\">Наши результаты:</h2>\r\n			<div style=\"float: left;width: 160px;padding-bottom: 5px;\">\r\n				<img width=\"155px\" src=\"https://proxy.imgsmail.ru/?h=ZZInW6euOpiiNxtSgN6J8g&amp;e=1394179853&amp;url717=942019.ru/mail/comercial/potoloksamson.ru.png\" alt=\"\">\r\n				<span>potoloksamson.ru</span>	\r\n			</div>\r\n			<div style=\"float: left;width: 160px;padding-bottom: 5px;\">\r\n				<img width=\"155px\" src=\"https://proxy.imgsmail.ru/?h=qoFs1D5kJBpE6yhckTEIaQ&amp;e=1394179853&amp;url717=942019.ru/mail/comercial/bioritm.tom.ru.png\" alt=\"\">\r\n				<span>bioritm.tom.ru</span>	\r\n			</div>\r\n			<div style=\"float: left;width: 160px;padding-bottom: 5px;\">\r\n				<img width=\"155px\" src=\"https://proxy.imgsmail.ru/?h=my3XSErztjilX86Cl4ncIQ&amp;e=1394179853&amp;url717=942019.ru/mail/comercial/plus.tomsk.ru.png\" alt=\"\">	\r\n				<span>plus.tomsk.ru</span>\r\n			</div>\r\n			<div style=\"float: left;width: 160px;padding-bottom: 5px;\">\r\n				<img width=\"155px\" src=\"https://proxy.imgsmail.ru/?h=W6Nor-xFf2c3FQw4HJCcvg&amp;e=1394179853&amp;url717=942019.ru/mail/comercial/izumoff.com.png\" alt=\"\">	\r\n				<span>izumoff.com</span>\r\n			</div>\r\n			\r\n		</div>\r\n		</div>	\r\n		<div style=\"float: left;width: 320px;padding: 20px 20px 20px 10px;\">\r\n			<h2 style=\"color: #B30202;\">2) Продвижение сайта в поисковой системе</h2>\r\n			<h3 style=\"text-decoration: underline;\">На Ваш сайт можно привлечь посетителей по ключевым запросам:</h3><br>\r\n			пластиковые ведерки 243<br>\r\n			пластиковые ведерки купить 52<br>\r\n			ведерко пластиковое с крышкой 24<br>\r\n			пластиковые ведерки для пищевых продуктов 37<br>\r\n			пластиковые банки с крышкой 602<br>\r\n			пластиковые банки пищевые 199<br>\r\n			пластиковые банки для пищевых продуктов 188<br>\r\n			банки прозрачные пластиковые 61<br><br>\r\n			В цифрах указанно количество запросов в месяц пользователями России <br>\r\n			Предлагаем Вам продвижение сайта по этим запросам.<br><br>\r\n			Стоимость работ составит 30000р в месяц. Срок продвижения - 6 месяцев.<br>\r\n		</div>	\r\n	</div>\r\n</div>', 'greenteamer@bk.ru'), ('3', 'ok ok', '<div style=\"margin: 0;background:url(https://proxy.imgsmail.ru/?h=7mjW3oTCbnagNcWd5y9jcA&amp;e=1394179853&amp;url717=942019.ru/mail/comercial/background.png) no-repeat; max-width: 700px;min-height: 950px;font-family: Arial, Helvetica, sans-serif;\">\r\n<div style=\"min-height: 150px;\">\r\n<div style=\"margin: 20px;width:  260px;float: left;\">\r\n<h1 style=\"text-align: left;margin: 0;text-align: right;padding-right: 20px;\">FORWARD</h1>\r\n\r\n<h2 style=\"text-align: left;text-align: right;padding-right: 20px;margin: 5px 0 0 0;\">СОЗДАНИЕ И ПРОДВИЖЕНИЕ <span style=\"font-size: 18px;font-weight: 300;\">САЙТОВ</span></h2>\r\n</div>\r\n\r\n<div style=\"padding-top:  10px;float: right;height: 120px;color:#fff;padding: 20px;background: #5E5E5E;\">\r\n<h3 style=\"text-align: right;color:#fff!important;\"><a href=\"http://www.forward70.ru\" target=\"_blank\">www.forward70.ru</a></h3>\r\n\r\n<h3 style=\"text-align: right;color:#fff;\">forward.70@yandex.ru</h3>\r\n\r\n<h3 style=\"text-align: right;color:#fff;\">Кирова 58/55 оф.61</h3>\r\n\r\n<h3 style=\"text-align: right;color:#fff;\">94-20-19</h3>\r\n</div>\r\n</div>\r\n\r\n<div style=\"padding: 0 20px;\">\r\n<h1 style=\"text-align: right;margin: 0;\">Коммерческое предложение<span style=\"font-size: 18px;font-weight: 300;\"> для сайта </span><span style=\"color: red;\">fortexupak.ru</span></h1>\r\n</div>\r\n\r\n<div>\r\n<div style=\"margin: 10px 0;background:url(https://proxy.imgsmail.ru/?h=tskis-BmF1aMkR98AKPXJg&amp;e=1394179853&amp;url717=942019.ru/mail/comercial/blue.jpg) no-repeat; padding:  30px 20px 40px 20px;color: #D9D9D9;font-size: 12px;line-height: 18px;\">\r\n<h3 style=\"margin-bottom:  10px;font-size:  16px;color:#fff!important;\">Компания FORWARD предлагает Вам произвести реконструкцию и продвижение сайта в поисковой системе Yandex.</h3>\r\nПо анализу Вашего сайта были выявлены ряд недостатков, которые не позволяют ему быть доступным для Ваших клиентов. Работы, которые позволят устранить все недостатки, дадут Вам возможность успешно конкурировать с другими компаниями в сети интернет на Российском рынке.</div>\r\n</div>\r\n\r\n<div>\r\n<h1 style=\"text-align: center;\">Стратегия</h1>\r\n\r\n<div style=\"float: left;width: 320px;padding: 20px 10px 20px 20px;\">\r\n<h2 style=\"color: #0A5C25;font-weight: bold;\">1) Реконструкция сайта</h2>\r\n\r\n<ul>\r\n	<li>a) Изменение дизайна (поисковые системы имеют определенные требования к дизайну и конструкции сайта для улучшения выдачи его в поисковой системе )</li>\r\n	<li>б) Изменение структуры сайта (оптимизация сайта для лучшей видимости сайта поисковой системой) стоимость работ составит 20000р.</li>\r\n</ul>\r\n\r\n<div style=\"width: 320px;float: left;text-align: center;\">\r\n<h2 style=\"color: #0A5C25;font-weight: bold;\">Наши результаты:</h2>\r\n\r\n<div style=\"float: left;width: 160px;padding-bottom: 5px;\"><img alt=\"\" src=\"https://proxy.imgsmail.ru/?h=ZZInW6euOpiiNxtSgN6J8g&amp;e=1394179853&amp;url717=942019.ru/mail/comercial/potoloksamson.ru.png\" width=\"155px\" /> <span>potoloksamson.ru</span></div>\r\n\r\n<div style=\"float: left;width: 160px;padding-bottom: 5px;\"><img alt=\"\" src=\"https://proxy.imgsmail.ru/?h=qoFs1D5kJBpE6yhckTEIaQ&amp;e=1394179853&amp;url717=942019.ru/mail/comercial/bioritm.tom.ru.png\" width=\"155px\" /> <span>bioritm.tom.ru</span></div>\r\n\r\n<div style=\"float: left;width: 160px;padding-bottom: 5px;\"><img alt=\"\" src=\"https://proxy.imgsmail.ru/?h=my3XSErztjilX86Cl4ncIQ&amp;e=1394179853&amp;url717=942019.ru/mail/comercial/plus.tomsk.ru.png\" width=\"155px\" /> <span>plus.tomsk.ru</span></div>\r\n\r\n<div style=\"float: left;width: 160px;padding-bottom: 5px;\"><img alt=\"\" src=\"https://proxy.imgsmail.ru/?h=W6Nor-xFf2c3FQw4HJCcvg&amp;e=1394179853&amp;url717=942019.ru/mail/comercial/izumoff.com.png\" width=\"155px\" /> <span>izumoff.com</span></div>\r\n</div>\r\n</div>\r\n\r\n<div style=\"float: left;width: 320px;padding: 20px 20px 20px 10px;\">\r\n<h2 style=\"color: #B30202;\">2) Продвижение сайта в поисковой системе</h2>\r\n\r\n<h3 style=\"text-decoration: underline;\">На Ваш сайт можно привлечь посетителей по ключевым запросам:</h3>\r\n<br />\r\nпластиковые ведерки 243<br />\r\nпластиковые ведерки купить 52<br />\r\nведерко пластиковое с крышкой 24<br />\r\nпластиковые ведерки для пищевых продуктов 37<br />\r\nпластиковые банки с крышкой 602<br />\r\nпластиковые банки пищевые 199<br />\r\nпластиковые банки для пищевых продуктов 188<br />\r\nбанки прозрачные пластиковые 61<br />\r\n<br />\r\nВ цифрах указанно количество запросов в месяц пользователями России<br />\r\nПредлагаем Вам продвижение сайта по этим запросам.<br />\r\n<br />\r\nСтоимость работ составит 30000р в месяц. Срок продвижения - 6 месяцев.</div>\r\n</div>\r\n</div>\r\n', 'greenteamer@bk.ru'), ('4', 'hey', '<div style=\"margin: 0;background:url(https://proxy.imgsmail.ru/?h=7mjW3oTCbnagNcWd5y9jcA&amp;e=1394179853&amp;url717=942019.ru/mail/comercial/background.png) no-repeat; max-width: 700px;min-height: 950px;font-family: Arial, Helvetica, sans-serif;\">\r\n	<div style=\"min-height: 200px;\">\r\n		<div style=\"margin: 20px;\r\nwidth: 60%;\r\nfloat: left;\">\r\n			<h1 style=\"text-align: left;margin: 0;text-align: right;padding-right: 20px;\">FORWARD</h1>\r\n			<h2 style=\"text-align: left;text-align: right;padding-right: 20px;margin: 5px 0 0 0;\">СОЗДАНИЕ И ПРОДВИЖЕНИЕ <span style=\"font-size: 18px;font-weight: 300;\">САЙТОВ</span> </h2>\r\n			\r\n		</div>\r\n		<div style=\"padding-top: 10px;\r\nfloat: right;\r\nheight: 120px;\r\ncolor: #fff;\r\npadding: 3%;\r\nbackground: #5E5E5E;\">\r\n			<h3 style=\"text-align: right;color:#fff!important;\"><a href=\"http://www.forward70.ru\" style=\"text-align: right;color:#fff;\">www.forward70.ru</a></h3>\r\n			<h3 style=\"text-align: right;color:#fff;\">forward.70@yandex.ru</h3>\r\n			<h3 style=\"text-align: right;color:#fff;\">Кирова 58/55 оф.61</h3>\r\n			<h3 style=\"text-align: right;color:#fff;\">94-20-19</h3>\r\n		</div>\r\n	</div>\r\n	<div style=\"padding: 0 20px;\">\r\n		<h1 style=\"text-align: right;margin: 0;\">Порядок работы над сайтом с точки зрения дальнейшего продвижения</h1>\r\n		 \r\n	</div>\r\n	<div>\r\n		<div style=\"margin: 10px 0;background:url(https://proxy.imgsmail.ru/?h=tskis-BmF1aMkR98AKPXJg&amp;e=1394179853&amp;url717=942019.ru/mail/comercial/blue.jpg) no-repeat; padding:  30px 20px 40px 20px;color: #D9D9D9;font-size: 12px;line-height: 18px;\">\r\n			<h3 style=\"margin-bottom:  10px;font-size:  16px;color:#fff!important;\">Создание сайта необходимо производить с учетом дальнейшего продвижения, так как первоначальные работы по продвижению по большей части включают работы с кодом.</h3>По опыту и анализу сайтов были определено что стоимость и время доработки сайта для дальнейшего продвижения увеличивается минимум на 20% при условии что эти работы не учитывались изначально.</div>\r\n	</div>\r\n	<div style=\"margin-top: 40px;\">\r\n		<h1 style=\"text-align: center;\">Основные направления работы по подкотовки к сайта к продвижению</h1>\r\n		<div style=\"float: left;width: 320px;padding: 20px 10px 20px 20px;\">\r\n			<h2 style=\"color: #0A5C25;font-weight: bold;\">1)Работы над структурой сайта</h2>\r\n			<ul>\r\n				<li>a) Работы с дизайном (поисковые системы имеют определенные требования к дизайну и конструкции сайта для улучшения выдачи его в поисковой системе)</li>\r\n				<li>б) Изменение структуры сайта (оптимизация сайта для лучшей видимости сайта поисковой системой).</li>\r\n			</ul>\r\n			\r\n		</div>	\r\n		<div style=\"float: left;width: 320px;padding: 20px 20px 20px 10px;\">\r\n			<h2 style=\"color: ;\">2) Продвижение сайта&nbsp;</h2>\r\n			<ul>\r\n				<li>а) Создание концепции УТП (уникального торгового предложения)</li>\r\n				<li>б) Заполнение структуры сайта содержанием согласно ключевым запросам</li>\r\n				<li>в) Комплекс работ по размещению ссылок и продвижению через сервисы (включая продвижения через сатьи)</li>\r\n				<li>г) Создание яндекс директ рекламы (анализ эффективности сайта, анализ поведенческих факторов пользователей)</li>\r\n				<li>д) Дальнейшие работы с тригерами, структурой и интерфейсом сайтом для повышения конверсии</li>\r\n			</ul>\r\n		</div>	\r\n	</div>\r\n	</div>', 'greenteamer@bk.ru'), ('5', 'цугк', '<div style=\"margin: 0;background:url(https://proxy.imgsmail.ru/?h=7mjW3oTCbnagNcWd5y9jcA&amp;e=1394179853&amp;url717=942019.ru/mail/comercial/background.png) no-repeat; max-width: 700px;min-height: 950px;font-family: Arial, Helvetica, sans-serif;\">\r\n	<div style=\"min-height: 200px;\">\r\n		<div style=\"margin: 20px;\r\nwidth: 60%;\r\nfloat: left;\">\r\n			<h1 style=\"text-align: left;margin: 0;text-align: right;padding-right: 20px;\">FORWARD</h1>\r\n			<h2 style=\"text-align: left;text-align: right;padding-right: 20px;margin: 5px 0 0 0;\">СОЗДАНИЕ И ПРОДВИЖЕНИЕ <span style=\"font-size: 18px;font-weight: 300;\">САЙТОВ</span> </h2>\r\n			\r\n		</div>\r\n		<div style=\"padding-top: 10px;\r\nfloat: right;\r\nheight: 120px;\r\ncolor: #fff;\r\npadding: 3%;\r\nbackground: #5E5E5E;\">\r\n			<h3 style=\"text-align: right;color:#fff!important;\"><a href=\"http://www.forward70.ru\" style=\"text-align: right;color:#fff;\">www.forward70.ru</a></h3>\r\n			<h3 style=\"text-align: right;color:#fff;\">forward.70@yandex.ru</h3>\r\n			<h3 style=\"text-align: right;color:#fff;\">Кирова 58/55 оф.61</h3>\r\n			<h3 style=\"text-align: right;color:#fff;\">94-20-19</h3>\r\n		</div>\r\n	</div>\r\n	<div style=\"padding: 0 20px;\">\r\n		<h1 style=\"text-align: right;margin: 0;\">Порядок работы над сайтом с точки зрения дальнейшего продвижения</h1>\r\n		 \r\n	</div>\r\n	<div>\r\n		<div style=\"margin: 10px 0;background:url(https://proxy.imgsmail.ru/?h=tskis-BmF1aMkR98AKPXJg&amp;e=1394179853&amp;url717=942019.ru/mail/comercial/blue.jpg) no-repeat; padding:  30px 20px 40px 20px;color: #D9D9D9;font-size: 12px;line-height: 18px;\">\r\n			<h3 style=\"margin-bottom:  10px;font-size:  16px;color:#fff!important;\">Создание сайта необходимо производить с учетом дальнейшего продвижения, так как первоначальные работы по продвижению, по большей части, включают работы с программным кодом.</h3>По опыту и анализу сайтов были определено что стоимость и время доработки сайта для дальнейшего продвижения увеличивается минимум на 20% при условии что эти работы не учитывались изначально.</div>\r\n	</div>\r\n	<div style=\"margin-top: 40px;\">\r\n		<h1 style=\"text-align: center;\">Основные направления работы по подкотовке сайта к продвижению</h1>\r\n		<div style=\"float: left;width: 320px;padding: 20px 10px 20px 20px;\">\r\n			<h2 style=\"color: #0A5C25;font-weight: bold;\">1)Работы над структурой сайта</h2>\r\n			<ul>\r\n				<li>a) Работы с дизайном (поисковые системы имеют определенные требования к дизайну и конструкции сайта для улучшения выдачи его в поисковой системе)</li>\r\n				<li>б) Изменение структуры сайта (оптимизация сайта для лучшей видимости сайта поисковой системой, добавление необходимых тэгов и описаний в код сайта, корректировка модели и шаблонов сайта для возможности дальнейших работ по продвижению).</li>\r\n				<li>в) Работы по юзабилити (изначальная корректировка и согласование структуры и порядка размещения эллементов сайта для обеспения конкурентности сайта )</li>\r\n			</ul>\r\n			\r\n		</div>	\r\n		<div style=\"float: left;width: 320px;padding: 20px 20px 20px 10px;\">\r\n			<h2 style=\"color: ;\">2) Продвижение сайта&nbsp;</h2>\r\n			<ul>\r\n				<li>а) Создание концепции УТП (уникального торгового предложения)</li>\r\n				<li>б) Заполнение структуры сайта содержанием согласно ключевым запросам</li>\r\n				<li>в) Комплекс работ по размещению ссылок и продвижению через сервисы (включая продвижения через сатьи)</li>\r\n				<li>г) Создание яндекс директ рекламы (анализ эффективности сайта, анализ поведенческих факторов пользователей)</li>\r\n				<li>д) Дальнейшие работы с тригерами, структурой и интерфейсом сайтом для повышения конверсии</li>\r\n			</ul>\r\n		</div>	\r\n	</div>\r\n	</div>', 'greenteamer@bk.ru'), ('6', 'Порядок работ по продвижению ', '<div style=\"margin: 0;background:url(https://proxy.imgsmail.ru/?h=7mjW3oTCbnagNcWd5y9jcA&amp;e=1394179853&amp;url717=942019.ru/mail/comercial/background.png) no-repeat; max-width: 700px;min-height: 950px;font-family: Arial, Helvetica, sans-serif;\">\r\n	<div style=\"min-height: 200px;\">\r\n		<div style=\"margin: 20px;\r\nwidth: 60%;\r\nfloat: left;\">\r\n			<h1 style=\"text-align: left;margin: 0;text-align: right;padding-right: 20px;\">FORWARD</h1>\r\n			<h2 style=\"text-align: left;text-align: right;padding-right: 20px;margin: 5px 0 0 0;\">СОЗДАНИЕ И ПРОДВИЖЕНИЕ <span style=\"font-size: 18px;font-weight: 300;\">САЙТОВ</span> </h2>\r\n			\r\n		</div>\r\n		<div style=\"padding-top: 10px;\r\nfloat: right;\r\nheight: 120px;\r\ncolor: #fff;\r\npadding: 3%;\r\nbackground: #5E5E5E;\">\r\n			<h3 style=\"text-align: right;color:#fff!important;\"><a href=\"http://www.forward70.ru\" style=\"text-align: right;color:#fff;\">www.forward70.ru</a></h3>\r\n			<h3 style=\"text-align: right;color:#fff;\">forward.70@yandex.ru</h3>\r\n			<h3 style=\"text-align: right;color:#fff;\">Кирова 58/55 оф.61</h3>\r\n			<h3 style=\"text-align: right;color:#fff;\">94-20-19</h3>\r\n		</div>\r\n	</div>\r\n	<div style=\"padding: 0 20px;\">\r\n		<h1 style=\"text-align: right;margin: 0;\">Порядок работы над сайтом с точки зрения дальнейшего продвижения</h1>\r\n		 \r\n	</div>\r\n	<div>\r\n		<div style=\"margin: 10px 0;background:url(https://proxy.imgsmail.ru/?h=tskis-BmF1aMkR98AKPXJg&amp;e=1394179853&amp;url717=942019.ru/mail/comercial/blue.jpg) no-repeat; padding:  30px 20px 40px 20px;color: #D9D9D9;font-size: 12px;line-height: 18px;\">\r\n			<h3 style=\"margin-bottom:  10px;font-size:  16px;color:#fff!important;\">Создание сайта необходимо производить с учетом дальнейшего продвижения, так как первоначальные работы по продвижению, по большей части, включают работы с программным кодом.</h3>По опыту и анализу сайтов были определено что стоимость и время доработки сайта для дальнейшего продвижения увеличивается минимум на 20% при условии что эти работы не учитывались изначально.</div>\r\n	</div>\r\n	<div style=\"margin-top: 40px;\">\r\n		<h1 style=\"text-align: center;\">Основные направления работы по подкотовке сайта к продвижению</h1>\r\n		<div style=\"float: left;width: 320px;padding: 20px 10px 20px 20px;\">\r\n			<h2 style=\"color: #0A5C25;font-weight: bold;\">1)Работы над структурой сайта</h2>\r\n			<ul>\r\n				<li>a) Работы с дизайном (поисковые системы имеют определенные требования к дизайну и конструкции сайта для улучшения выдачи его в поисковой системе)</li>\r\n				<li>б) Изменение структуры сайта (оптимизация сайта для лучшей видимости сайта поисковой системой, добавление необходимых тэгов и описаний в код сайта, корректировка модели и шаблонов сайта для возможности дальнейших работ по продвижению).</li>\r\n				<li>в) Работы по юзабилити (изначальная корректировка и согласование структуры и порядка размещения эллементов сайта для обеспения конкурентности сайта )</li>\r\n			</ul>\r\n			\r\n		</div>	\r\n		<div style=\"float: left;width: 320px;padding: 20px 20px 20px 10px;\">\r\n			<h2 style=\"color: ;\">2) Продвижение сайта&nbsp;</h2>\r\n			<ul>\r\n				<li>а) Создание концепции УТП (уникального торгового предложения)</li>\r\n				<li>б) Заполнение структуры сайта содержанием согласно ключевым запросам</li>\r\n				<li>в) Комплекс работ по размещению ссылок и продвижению через сервисы (включая продвижения через сатьи)</li>\r\n				<li>г) Создание яндекс директ рекламы (анализ эффективности сайта, анализ поведенческих факторов пользователей)</li>\r\n				<li>д) Дальнейшие работы с тригерами, структурой и интерфейсом сайтом для повышения конверсии</li>\r\n			</ul>\r\n		</div>	\r\n	</div>\r\n	</div>', 'ooosan2014@mail.ru'), ('7', 'test', '<body style=\"\">\r\n\r\n    <!--navigation-->\r\n    <div class=\"navbar navbar-inverse navbar-static-top\">\r\n        <div class=\"navbar-inner my_navbar_inner\">\r\n            <div class=\"container\">\r\n                <div class=\"brand my_brand\">\r\n                    <img src=\"/static/themeBodyDay/images/logo.png\" alt=\"\">\r\n                    <div class=\"brand_right\">\r\n                        <a href=\"/\">BodyDay.ru</a>\r\n                        <div class=\"top_slogan\">Профессионализм в каждом движении</div>\r\n                    </div>\r\n                </div>\r\n                <div class=\"top_menu\">\r\n                    <div class=\"phone\">\r\n                        <span>8-965-408-38-01</span>\r\n                    </div>\r\n                    <ul class=\"nav my_nav\">\r\n                        <li><a href=\"/\">Главная</a></li>\r\n                        <li><a href=\"/post/\">Статьи</a></li>\r\n                        <li><a href=\"/experts/\">Специалисты</a></li>\r\n                        <li><a class=\"\" href=\"/review\">Отзывы</a></li>\r\n                        <li><a href=\"/page/tseny\">цены</a></li>\r\n                        <li><a href=\"/page/kontakty\">Контакты</a></li>\r\n                    </ul>\r\n                </div>\r\n            </div>\r\n        </div>\r\n    </div>\r\n\r\n    <!--submenu-->\r\n    <div class=\"top_content\">\r\n        <div class=\"container\">\r\n            \r\n                <div class=\"row\">\r\n                    <div class=\"span3\"><a id=\"popup\" class=\"button2\" href=\"/contact\">Заказать массаж</a></div>\r\n            \r\n                    <div class=\"submenu span9\">\r\n                        \r\n                            <div class=\"sub_nav\">\r\n                                <span class=\"sub_nav_first\"><a href=\"/page/massazh-na-domu\">Массаж на дому</a></span>\r\n                                <span><a href=\"/page/massazh-v-moskve\">Массаж в Москве</a></span>\r\n                                <span class=\"sub_nav_last\"><a class=\"\" href=\"/page/manualnaya-terapiya\">Мануальная терапия</a></span>\r\n                            </div>\r\n                        \r\n                    </div>\r\n                </div>\r\n            \r\n        </div>\r\n    </div>\r\n\r\n    <!--header-->\r\n    \r\n\r\n    <!--top content-->\r\n    <div class=\"white_line\">\r\n        <div class=\"container\">\r\n                \r\n        </div>\r\n    </div>\r\n\r\n    <!--middle content-->\r\n    <div class=\"middle_content\">\r\n        <div class=\"container\">\r\n            <div class=\"row\">\r\n                \r\n            </div>\r\n        </div>\r\n    </div>\r\n\r\n    <!--content-->\r\n    <div class=\"container my_container\">\r\n        \r\n    <div class=\"row custom_page manual\">\r\n        <div class=\"span12\">\r\n            <h1>Мануальная терапия</h1>\r\n\r\n            <div class=\"row section1\">\r\n                <div class=\"span8\">\r\n                    <h2>Кратко о манульной терапии</h2>\r\n                    <div class=\"block1\">\r\n                        <img src=\"/static//themeBodyDay/images/manual.jpg\" alt=\"мануальная терапия фото\">\r\n                        <p>Мануальная терапия (от manus - рука) - метод лечения заболеваний опорно-двигательного аппарата с помощью непосредственного физического воздействия на тело пациента. В основе мануальной терапии лежат принципы остеопатии. Остеопатия - принцип лечения заболеваний, заключающийся в том, что из-за нарушения анатомии нарушается и функция больного органа. Что это значит?</p>\r\n                        <p>Каждый человек знает, что если сломать ногу, ходить он уже не сможет. Помочь может только физическое восстановление целостности кости. Никакие таблетки перелом не лечат. Допустим, у человека боли в спине из-за смещения позвонков относительно друг друга. Опять-таки, указанные нарушения нормального анатомического соотношения и строения невозможно излечить уколами или другими лекарствами. Единственно возможным способом является физическое воздействие на позвоночный столб в целом, и на смещённый сегмент в частности. Что и делает мануальный терапевт. С помощью точно рассчитанного физического усилия он устраняет смещение позвонков, восстанавливая нормальное их положение. Что это даёт?</p>\r\n                    </div>\r\n                </div>\r\n                <div class=\"span4\">\r\n                    <h2>Заказать массаж</h2>\r\n                    <div class=\"form_in_page\">\r\n\r\n                        <div class=\"myForm\">\r\n                            <form action=\".\" method=\"post\">\r\n                                <input type=\"hidden\" name=\"csrfmiddlewaretoken\" value=\"EsPvBeQ73DaE6L8BZxOGcXL6ZBw2PD3w\">\r\n                                <li><label for=\"id_subject\">Ваше имя:</label> <input id=\"id_subject\" maxlength=\"250\" name=\"subject\" type=\"text\"></li>\r\n<li><label for=\"id_phone\">Ваш телефон:</label> <input id=\"id_phone\" maxlength=\"250\" name=\"phone\" type=\"text\"></li>\r\n                                <input id=\"id_submit\" type=\"submit\">\r\n                            </form>\r\n                        </div>\r\n                    </div>\r\n                </div>\r\n            </div>\r\n\r\n            <div class=\"line\"></div>\r\n\r\n            <div class=\"row section2 section\">\r\n                <div class=\"my_h2\">Как это происходит</div>\r\n                <div class=\"span4\">\r\n                    <div class=\"row\">\r\n                        <div class=\"span1\">\r\n                            <img src=\"http://bodyday.ru/static/themeBodyDay/images/1.png\" alt=\"\">\r\n                        </div>\r\n                        <div class=\"span3\">\r\n                            <h4>Возникновение проблемы</h4>\r\n                            <p>Известно, что при возникновении проблем с позвоночником организм пытается компенсировать патологию. Для этого в работу включается группа глубоких мышц спины и позвоночника. Однако на длительную работу они не рассчитаны. По этой причине мышцы быстро утомляются, спазмируются, что приводит к нарушению кровообращения и боли.</p>\r\n                        </div>\r\n                    </div>\r\n                </div>\r\n                <div class=\"span4\">\r\n                    <div class=\"row\">\r\n                        <div class=\"span1\">\r\n                            <img src=\"http://bodyday.ru/static/themeBodyDay/images/2.png\" alt=\"\">\r\n                        </div>\r\n                        <div class=\"span3\">\r\n                            <h4>Мануальная терапия</h4>\r\n                            <p>Мануальная терапия позвоночника быстро снимает этот спазм. Кроме этого, мануальная терапия улучшает кровообращение. Восстановление нормальных анатомических отношений позвоночного двигательного сегмента способствует правильному распределению нагрузки, что благоприятно сказывается на общем состоянии.</p>\r\n                        </div>\r\n                    </div>\r\n                </div>\r\n                <div class=\"span4\">\r\n                    <div class=\"row\">\r\n                        <div class=\"span1\">\r\n                            <img src=\"http://bodyday.ru/static/themeBodyDay/images/3.png\" alt=\"\">\r\n                        </div>\r\n                        <div class=\"span3\">\r\n                            <h4>Результат</h4>\r\n                            <p>В течени совсем короткого времени функции ваших органов восстановятся и ваша жизнь приобретет совершенно новое качество. Уже через 5 сеансов <strong>мануальной терапии</strong> большинство клиентов возвращаются к эффективной деятельности. Для поддержания этого результата необходимо вести активный образ жизни.</p>\r\n                        </div>\r\n                    </div>\r\n                </div>\r\n            </div>\r\n\r\n        </div>\r\n    </div>\r\n\r\n        \r\n    </div> <!-- container -->\r\n\r\n    \r\n    <div class=\"white_section manual\">\r\n        <div class=\"container\">\r\n            <div class=\"row\">\r\n                <div class=\"span12\">\r\n                    <div class=\"row\">\r\n\r\n\r\n\r\n\r\n                        <div class=\"span12 review_manual\">\r\n                            <h3>Отзывы о мануальной терапии</h3>\r\n                            <blockquote>\r\n                                <p>Пришел на первый сеанс с больной спиной. Кроме спины мучала бессонница, головные боли и постоянная слабость. Сергей Константинович на первом же сеансе вернул к жизни. Прошла боль в спине и на следующий день проснулся выспавшийся на 10 минут раньше будильника. К 6 сеансу ушла кривизна спины и сейчас, по прошествии 12 сеансов ощущение, что у меня снова тело 18 летнего парня. Спасибо мастеру за творение!</p>\r\n                                <footer>Андрей<cite title=\"Source Title\">3 февраля 2014 г.</cite></footer>\r\n                            </blockquote>\r\n                            <blockquote>\r\n                                <p>Сергей Константинович, я очень рада, что попала на сеанс массажа именно к Вам. Вы действительно владеете секретом мануальной терапии. То, что произошло с моей спиной, не возможно не назвать ЧУДОМ! Как приятно засыпать и просыпаться без болей в позвоночнике (которые длились несколько месяцев). Я счастлива, что доверилась Вашим рукам. Спасибо Вам огромное! Ирина.</p>\r\n                                <footer>Ирина<cite title=\"Source Title\">7 октября 2012 г</cite></footer>\r\n                            </blockquote>\r\n                        </div>\r\n                        <div class=\"link_center\">\r\n                            <a id=\"popup\" class=\"button2\" href=\"/contact\">Заказать массаж</a>\r\n                        </div>\r\n                    </div>\r\n                </div>\r\n            </div>\r\n        </div>\r\n    </div>\r\n\r\n\r\n    \r\n    <div class=\"container recomend\">\r\n        <div class=\"row\">\r\n            <div class=\"my_h2\">Некоторые рекомендации:</div>\r\n            <div class=\"span4 section section2\">\r\n                <div class=\"row\">\r\n                    <div class=\"my_h2\">Доверие специалисту</div>\r\n                    <div class=\"span1\">\r\n                        <img src=\"http://bodyday.ru/static/themeBodyDay/images/cloud.png\" alt=\"\">\r\n                    </div>\r\n                    <div class=\"span3\">\r\n                        <p>Мануальная терапия является физическим воздействием на тело. Если во время процедуры вы будете инстинктивно напрягаться, сопротивляться воздействию - эффективность будет ниже. Возможно травмирование. Целью процедуры не является \"выжимание\" из пациента только щелчков и хруста. Громкость их не является показателем успеха.</p>\r\n                    </div>\r\n                </div>\r\n            </div>\r\n            <div class=\"span4 section\">\r\n                <div class=\"row\">\r\n                    <div class=\"my_h2\">Двигайтесь</div>\r\n                    <div class=\"span1\">\r\n                        <img src=\"http://bodyday.ru/static/themeBodyDay/images/bycicle.png\" alt=\"\">\r\n                    </div>\r\n                    <div class=\"span3\">\r\n                        <p>Массаж, мануальная терапия, физиотерапия и ЛФК вместе - мощнейшее оружие против заболеваний опорно-двигательного аппарата. Но, если после полученного лечения вы будете продолжать вести малоподвижный образ жизни, нагружать позвоночник - эффект будет временный. Метод может привести позвоночный столб в порядок, но закрепить эффект может только пациент в результате простых упражнений.</p>\r\n                    </div>\r\n                </div>\r\n            </div>\r\n            <div class=\"span4 section\">\r\n                <div class=\"row\">\r\n                    <div class=\"my_h2\">Важен формат</div>\r\n                    <div class=\"span1\">\r\n                        <img src=\"http://bodyday.ru/static/themeBodyDay/images/home.png\" alt=\"\">\r\n                    </div>\r\n                    <div class=\"span3\">\r\n                        <p>Лучше получать процедуры мануальной терапии на дому или другом удобном месте, что позволит после лечения немного отдохнуть, чтобы не сразу давать полную нагрузку на позвоночник. Особенно вредно для спины долго сидеть, так как при этом нагрузка на позвоночник может превышать 140% от той, что действует, когда человек просто стоит.</p>\r\n                    </div>\r\n                </div>\r\n            </div>\r\n        </div>\r\n    </div>\r\n\r\n\r\n    \r\n    <div id=\"scroll\" class=\"content2_vmoskve\">\r\n        <div class=\"container\">\r\n            <div class=\"row\">\r\n                <div class=\"span12 section\">\r\n                    <div class=\"my_h2\">Важно помнить!</div>\r\n                    <p>Если у пациента, к примеру, самые распространённые заболевания позвоночника - остеохондроз и межпозвоночная грыжа мануальная терапия с успехом справляется и с тем и с другим. Однако следует помнить, что любой метод лечения способен как помочь, вылечить заболевание, так и навредить, ухудшить состояние и усилить проявление симптомов. По этой причине нельзя доверять своё здоровье мало знакомым специалистам. Неправильное выполнение процедур мануальной терапии может нанести больше вреда, чем пользы. Поэтому мануальная терапия в Москве и других городах - очень популярная медицинская процедура, при условии выполнения ее квалифицированным медицинским работником.</p>\r\n                </div>\r\n            </div>\r\n        </div>\r\n    </div>\r\n\r\n\r\n    \r\n\r\n\r\n    <!-- footer -->\r\n    <div class=\"footer\">\r\n        <div class=\"container\">\r\n            <div class=\"row\">\r\n                <div class=\"span12\">\r\n                    <div class=\"row\">\r\n                        <div class=\"span9\">\r\n                        </div>\r\n                        <div class=\"span3\">\r\n                            <a href=\"http://forward70.ru\">Создание сайтов Forward</a>\r\n                        </div>\r\n                    </div>\r\n                </div>\r\n            </div>\r\n        </div>\r\n    </div>\r\n</body>', 'greenteamer@bk.ru'), ('8', 'new test', '<body style=\"\">\r\n\r\n    <!--navigation-->\r\n\r\n<div style=\"background-color: #1b1b1b;\">\r\n    <div style=\"color: #999999;\">\r\n        <div class=\"brand_right\">\r\n            <a href=\"/\">forward70.ru</a>\r\n            <div style=\"color: #999999;\">Создание и продвижение сайтов</div>\r\n        </div>\r\n    </div>\r\n    <div class=\"top_menu\">\r\n        <div style=\"color: #fff;text-align: right;padding: 5px 10px;margin-right: 10px;font-size: 25px;\">\r\n            <span>8-965-408-38-01</span>\r\n        </div>\r\n    </div>\r\n</div>\r\n\r\n    <!--submenu-->\r\n\r\n<div style=\"background:#fff;border-bottom: 1px solid #D4D4D4;\">\r\n    <div style=\"text-alight:center;\">Предложение по разработке и продвижению сайта</div>\r\n</div>\r\n\r\n    <!--content-->\r\n    <div class=\"container my_container\">\r\n        \r\n    <div class=\"row custom_page manual\">\r\n        <div class=\"span12\">\r\n            <h1 style=\"text-align:center\">Мануальная терапия</h1>\r\n\r\n            <div class=\"row section1\">\r\n                <div class=\"span8\">\r\n                    <h2>Кратко о продвижении сайта</h2>\r\n                    <div class=\"block1\">\r\n                        <img src=\"http://bodyday.ru/static/themeBodyDay/images/seo.jpg\">\r\n                        <p>Мануальная терапия (от manus - рука) - метод лечения заболеваний опорно-двигательного аппарата с помощью непосредственного физического воздействия на тело пациента. В основе мануальной терапии лежат принципы остеопатии. Остеопатия - принцип лечения заболеваний, заключающийся в том, что из-за нарушения анатомии нарушается и функция больного органа. Что это значит?</p>\r\n                        <p>Каждый человек знает, что если сломать ногу, ходить он уже не сможет. Помочь может только физическое восстановление целостности кости. Никакие таблетки перелом не лечат. Допустим, у человека боли в спине из-за смещения позвонков относительно друг друга. Опять-таки, указанные нарушения нормального анатомического соотношения и строения невозможно излечить уколами или другими лекарствами. Единственно возможным способом является физическое воздействие на позвоночный столб в целом, и на смещённый сегмент в частности. Что и делает мануальный терапевт. С помощью точно рассчитанного физического усилия он устраняет смещение позвонков, восстанавливая нормальное их положение. Что это даёт?</p>\r\n                    </div>\r\n                </div>\r\n            </div>\r\n\r\n            <div class=\"line\"></div>\r\n\r\n            <div class=\"row section2 section\">\r\n                <div class=\"my_h2\">Как это происходит</div>\r\n                <div class=\"span4\">\r\n                    <div class=\"row\">\r\n                        <div class=\"span1\">\r\n                            <img src=\"http://bodyday.ru/static/themeBodyDay/images/1.png\" alt=\"\">\r\n                        </div>\r\n                        <div class=\"span3\">\r\n                            <h4>Возникновение проблемы</h4>\r\n                            <p>Известно, что при возникновении проблем с позвоночником организм пытается компенсировать патологию. Для этого в работу включается группа глубоких мышц спины и позвоночника. Однако на длительную работу они не рассчитаны. По этой причине мышцы быстро утомляются, спазмируются, что приводит к нарушению кровообращения и боли.</p>\r\n                        </div>\r\n                    </div>\r\n                </div>\r\n                <div class=\"span4\">\r\n                    <div class=\"row\">\r\n                        <div class=\"span1\">\r\n                            <img src=\"http://bodyday.ru/static/themeBodyDay/images/2.png\" alt=\"\">\r\n                        </div>\r\n                        <div class=\"span3\">\r\n                            <h4>Мануальная терапия</h4>\r\n                            <p>Мануальная терапия позвоночника быстро снимает этот спазм. Кроме этого, мануальная терапия улучшает кровообращение. Восстановление нормальных анатомических отношений позвоночного двигательного сегмента способствует правильному распределению нагрузки, что благоприятно сказывается на общем состоянии.</p>\r\n                        </div>\r\n                    </div>\r\n                </div>\r\n                <div class=\"span4\">\r\n                    <div class=\"row\">\r\n                        <div class=\"span1\">\r\n                            <img src=\"http://bodyday.ru/static/themeBodyDay/images/3.png\" alt=\"\">\r\n                        </div>\r\n                        <div class=\"span3\">\r\n                            <h4>Результат</h4>\r\n                            <p>В течени совсем короткого времени функции ваших органов восстановятся и ваша жизнь приобретет совершенно новое качество. Уже через 5 сеансов <strong>мануальной терапии</strong> большинство клиентов возвращаются к эффективной деятельности. Для поддержания этого результата необходимо вести активный образ жизни.</p>\r\n                        </div>\r\n                    </div>\r\n                </div>\r\n            </div>\r\n\r\n        </div>\r\n    </div>\r\n\r\n        \r\n    </div> <!-- container -->\r\n\r\n    \r\n    <div class=\"white_section manual\">\r\n        <div class=\"container\">\r\n            <div class=\"row\">\r\n                <div class=\"span12\">\r\n                    <div class=\"row\">\r\n\r\n\r\n\r\n\r\n                        <div class=\"span12 review_manual\">\r\n                            <h3>Отзывы о мануальной терапии</h3>\r\n                            <blockquote>\r\n                                <p>Пришел на первый сеанс с больной спиной. Кроме спины мучала бессонница, головные боли и постоянная слабость. Сергей Константинович на первом же сеансе вернул к жизни. Прошла боль в спине и на следующий день проснулся выспавшийся на 10 минут раньше будильника. К 6 сеансу ушла кривизна спины и сейчас, по прошествии 12 сеансов ощущение, что у меня снова тело 18 летнего парня. Спасибо мастеру за творение!</p>\r\n                                <footer>Андрей<cite title=\"Source Title\">3 февраля 2014 г.</cite></footer>\r\n                            </blockquote>\r\n                            <blockquote>\r\n                                <p>Сергей Константинович, я очень рада, что попала на сеанс массажа именно к Вам. Вы действительно владеете секретом мануальной терапии. То, что произошло с моей спиной, не возможно не назвать ЧУДОМ! Как приятно засыпать и просыпаться без болей в позвоночнике (которые длились несколько месяцев). Я счастлива, что доверилась Вашим рукам. Спасибо Вам огромное! Ирина.</p>\r\n                                <footer>Ирина<cite title=\"Source Title\">7 октября 2012 г</cite></footer>\r\n                            </blockquote>\r\n                        </div>\r\n                        <div class=\"link_center\">\r\n                            <a id=\"popup\" class=\"button2\" href=\"/contact\">Заказать массаж</a>\r\n                        </div>\r\n                    </div>\r\n                </div>\r\n            </div>\r\n        </div>\r\n    </div>\r\n\r\n\r\n    \r\n    <div class=\"container recomend\">\r\n        <div class=\"row\">\r\n            <div class=\"my_h2\">Некоторые рекомендации:</div>\r\n            <div class=\"span4 section section2\">\r\n                <div class=\"row\">\r\n                    <div class=\"my_h2\">Доверие специалисту</div>\r\n                    <div class=\"span1\">\r\n                        <img src=\"http://bodyday.ru/static/themeBodyDay/images/cloud.png\" alt=\"\">\r\n                    </div>\r\n                    <div class=\"span3\">\r\n                        <p>Мануальная терапия является физическим воздействием на тело. Если во время процедуры вы будете инстинктивно напрягаться, сопротивляться воздействию - эффективность будет ниже. Возможно травмирование. Целью процедуры не является \"выжимание\" из пациента только щелчков и хруста. Громкость их не является показателем успеха.</p>\r\n                    </div>\r\n                </div>\r\n            </div>\r\n            <div class=\"span4 section\">\r\n                <div class=\"row\">\r\n                    <div class=\"my_h2\">Двигайтесь</div>\r\n                    <div class=\"span1\">\r\n                        <img src=\"http://bodyday.ru/static/themeBodyDay/images/bycicle.png\" alt=\"\">\r\n                    </div>\r\n                    <div class=\"span3\">\r\n                        <p>Массаж, мануальная терапия, физиотерапия и ЛФК вместе - мощнейшее оружие против заболеваний опорно-двигательного аппарата. Но, если после полученного лечения вы будете продолжать вести малоподвижный образ жизни, нагружать позвоночник - эффект будет временный. Метод может привести позвоночный столб в порядок, но закрепить эффект может только пациент в результате простых упражнений.</p>\r\n                    </div>\r\n                </div>\r\n            </div>\r\n            <div class=\"span4 section\">\r\n                <div class=\"row\">\r\n                    <div class=\"my_h2\">Важен формат</div>\r\n                    <div class=\"span1\">\r\n                        <img src=\"http://bodyday.ru/static/themeBodyDay/images/home.png\" alt=\"\">\r\n                    </div>\r\n                    <div class=\"span3\">\r\n                        <p>Лучше получать процедуры мануальной терапии на дому или другом удобном месте, что позволит после лечения немного отдохнуть, чтобы не сразу давать полную нагрузку на позвоночник. Особенно вредно для спины долго сидеть, так как при этом нагрузка на позвоночник может превышать 140% от той, что действует, когда человек просто стоит.</p>\r\n                    </div>\r\n                </div>\r\n            </div>\r\n        </div>\r\n    </div>\r\n\r\n\r\n    \r\n    <div id=\"scroll\" class=\"content2_vmoskve\">\r\n        <div class=\"container\">\r\n            <div class=\"row\">\r\n                <div class=\"span12 section\">\r\n                    <div class=\"my_h2\">Важно помнить!</div>\r\n                    <p>Если у пациента, к примеру, самые распространённые заболевания позвоночника - остеохондроз и межпозвоночная грыжа мануальная терапия с успехом справляется и с тем и с другим. Однако следует помнить, что любой метод лечения способен как помочь, вылечить заболевание, так и навредить, ухудшить состояние и усилить проявление симптомов. По этой причине нельзя доверять своё здоровье мало знакомым специалистам. Неправильное выполнение процедур мануальной терапии может нанести больше вреда, чем пользы. Поэтому мануальная терапия в Москве и других городах - очень популярная медицинская процедура, при условии выполнения ее квалифицированным медицинским работником.</p>\r\n                </div>\r\n            </div>\r\n        </div>\r\n    </div>\r\n\r\n\r\n    \r\n\r\n\r\n    <!-- footer -->\r\n    <div class=\"footer\">\r\n        <div class=\"container\">\r\n            <div class=\"row\">\r\n                <div class=\"span12\">\r\n                    <div class=\"row\">\r\n                        <div class=\"span9\">\r\n                        </div>\r\n                        <div class=\"span3\">\r\n                            <a href=\"http://forward70.ru\">Создание сайтов Forward</a>\r\n                        </div>\r\n                    </div>\r\n                </div>\r\n            </div>\r\n        </div>\r\n    </div>\r\n</body>', 'greenteamer@bk.ru'), ('9', 'фвафа', '<div id=\"style_13940246260000000385_BODY\" class=\"js-readmsg-link-box\">new test\r\n\r\n    \r\n\r\n    \r\n\r\n<div style=\"background-color: #333333;\r\npadding: 20px;\r\nmin-height: 70px;\">\r\n    <div style=\"color: #999999;\r\nfloat: left;\r\nheight: 70px;\">\r\n        <div class=\"brand_right\" style=\"font-size: 30px;\r\nfont-weight: 100;\r\nfont-family: &quot;Helvetica Neue&quot;,Helvetica,Arial,sans-serif;\">\r\n            <a href=\"/\" target=\"_blank\" style=\"color: #fff;\">forward70.ru</a>\r\n            <div style=\"color: #999999;\">Создание и продвижение сайтов</div>\r\n        </div>\r\n    </div>\r\n    <div class=\"top_menu\">\r\n        <div style=\"color: #fff;text-align: right;padding: 5px 10px;margin-right: 10px;font-size: 25px;\">\r\n            <span>8-913-888-68-99</span>\r\n        </div>\r\n    </div>\r\n</div>\r\n\r\n    \r\n\r\n<div style=\"background: #fff;\r\nborder-bottom: 1px solid #D4D4D4;\r\npadding: 20px;\">\r\n    <div style=\"text-align:center;\r\nfont-size: 35px;\r\nfont-weight: 100;\r\nfont-family: &quot;Helvetica Neue&quot;,Helvetica,Arial,sans-serif;\">Предложение по разработке и продвижению сайта</div>\r\n</div>\r\n\r\n    \r\n    <div class=\"container my_container\">\r\n        \r\n    <div class=\"row custom_page manual\">\r\n        <div class=\"span12\">\r\n            <h1 style=\"text-align:center;\r\npadding: 20px;\r\nmargin-top: 10px;\r\ntext-transform: uppercase;\r\nfont-weight: 100;\">Кратко о продвижении сайта</h1>\r\n\r\n            <div class=\"row section1\" style=\"/* background: #E6E6E6; */\r\nborder-bottom: 1px solid #D4D4D4;\r\n\r\npadding-bottom: 30px;\r\n/* margin-bottom: 40px; */\r\n\">\r\n                <div class=\"span8\">\r\n                    \r\n                    <div class=\"block1\" style=\"min-height: 280px;\">\r\n                        <img src=\"https://proxy.imgsmail.ru/?h=qtQGWzIsu6mVUFAbc888wQ&amp;e=1394283841&amp;url717=bodyday.ru/static/themeBodyDay/images/seo.jpg\" style=\"float: left;\r\nmargin-right: 20px;\r\nwidth:350px;\">\r\n                        <p style=\"/* float: left; */\">Мануальная терапия (от manus - рука) - метод лечения заболеваний опорно-двигательного аппарата с помощью непосредственного физического воздействия на тело пациента. В основе мануальной терапии лежат принципы остеопатии. Остеопатия - принцип лечения заболеваний, заключающийся в том, что из-за нарушения анатомии нарушается и функция больного органа. Что это значит?</p>\r\n                        <p>Каждый человек знает, что если сломать ногу, ходить он уже не сможет. Помочь может только физическое восстановление целостности кости. Никакие таблетки перелом не лечат. Допустим, у человека боли в спине из-за смещения позвонков относительно друг друга. Опять-таки, указанные нарушения нормального анатомического соотношения и строения невозможно излечить уколами или другими лекарствами. Единственно возможным способом является физическое воздействие на позвоночный столб в целом, и на смещённый сегмент в частности. Что и делает мануальный терапевт. С помощью точно рассчитанного физического усилия он устраняет смещение позвонков, восстанавливая нормальное их положение. Что это даёт?</p>\r\n                    </div>\r\n                </div>\r\n            </div>\r\n\r\n            <div class=\"line\"></div>\r\n\r\n            <div class=\"row section2 section\" style=\"background: #e7e8e3;\r\noverflow: hidden;\r\nborder-bottom: 1px solid #D4D4D4;\r\npadding-bottom: 30px;\r\n\">\r\n                <div class=\"my_h2\" style=\"text-align:center;\r\npadding: 20px;\r\nmargin-top: 20px;\r\nfont-size: 17px;\r\ntext-transform: uppercase;\r\ncolor: #484848;\r\nfont-weight: 100;\">Как это происходит</div>\r\n                <div class=\"span4\" style=\"width: 25%;\r\nfloat: left;\r\nmargin: 2%;\r\npadding: 2%;\r\nbackground: #FFFFFF;\r\nborder-radius: 10px;\r\nborder: 1px solid #CFCFCF;\">\r\n                    <div class=\"row\">\r\n                        <div class=\"span1\">\r\n                            <img src=\"https://proxy.imgsmail.ru/?h=Lbo7NuKDHGKb2NoPeZ3kVQ&amp;e=1394283841&amp;url717=bodyday.ru/static/themeBodyDay/images/1.png\" alt=\"\">\r\n                        </div>\r\n                        <div class=\"span3\">\r\n                            <h4>Возникновение проблемы</h4>\r\n                            <p>Известно, что при возникновении проблем с позвоночником организм пытается компенсировать патологию. Для этого в работу включается группа глубоких мышц спины и позвоночника. Однако на длительную работу они не рассчитаны. По этой причине мышцы быстро утомляются, спазмируются, что приводит к нарушению кровообращения и боли.</p>\r\n                        </div>\r\n                    </div>\r\n                </div>\r\n                <div class=\"span4\" style=\"width: 25%;\r\nfloat: left;\r\nmargin: 2%;\r\npadding: 2%;\r\nbackground: #FFFFFF;\r\nborder-radius: 10px;\r\nborder: 1px solid #CFCFCF;\">\r\n                    <div class=\"row\">\r\n                        <div class=\"span1\">\r\n                            <img src=\"https://proxy.imgsmail.ru/?h=SmUGhSZ9mpot2siTWNOJPA&amp;e=1394283841&amp;url717=bodyday.ru/static/themeBodyDay/images/2.png\" alt=\"\">\r\n                        </div>\r\n                        <div class=\"span3\">\r\n                            <h4>Мануальная терапия</h4>\r\n                            <p>Мануальная терапия позвоночника быстро снимает этот спазм. Кроме этого, мануальная терапия улучшает кровообращение. Восстановление нормальных анатомических отношений позвоночного двигательного сегмента способствует правильному распределению нагрузки, что благоприятно сказывается на общем состоянии.</p>\r\n                        </div>\r\n                    </div>\r\n                </div>\r\n                <div class=\"span4\" style=\"width: 25%;\r\nfloat: left;\r\nmargin: 2%;\r\npadding: 2%;\r\nbackground: #FFFFFF;\r\nborder-radius: 10px;\r\nborder: 1px solid #CFCFCF;\">\r\n                    <div class=\"row\">\r\n                        <div class=\"span1\">\r\n                            <img src=\"https://proxy.imgsmail.ru/?h=-T0BZb21zCrs-UXGkJyYqA&amp;e=1394283841&amp;url717=bodyday.ru/static/themeBodyDay/images/3.png\" alt=\"\">\r\n                        </div>\r\n                        <div class=\"span3\">\r\n                            <h4>Результат</h4>\r\n                            <p>В течени совсем короткого времени функции ваших органов восстановятся и ваша жизнь приобретет совершенно новое качество. Уже через 5 сеансов <strong>мануальной терапии</strong> большинство клиентов возвращаются к эффективной деятельности. Для поддержания этого результата необходимо вести активный образ жизни.</p>\r\n                        </div>\r\n                    </div>\r\n                </div>\r\n            </div>\r\n\r\n        </div>\r\n    </div>\r\n\r\n        \r\n    </div> \r\n\r\n    \r\n    \r\n\r\n\r\n    \r\n    <div class=\"container recomend\">\r\n        <div class=\"row\" style=\"/* background: #ECECEC; */\">\r\n            <div class=\"my_h2\" style=\"text-align:center;\r\npadding: 20px;\r\nmargin-top: 20px;\r\nfont-size: 17px;\r\ntext-transform: uppercase;\r\ncolor: #484848;\r\nfont-weight: 100;\r\n/* background: #ECECEC; */\">Некоторые рекомендации</div>\r\n            <div class=\"span4 section section2\">\r\n                <div class=\"row\">\r\n                    <div class=\"my_h2\">Доверие специалисту</div>\r\n                    <div class=\"span1\">\r\n                        <img src=\"https://proxy.imgsmail.ru/?h=B3epFBGVow3_BKfk9sciYw&amp;e=1394283841&amp;url717=bodyday.ru/static/themeBodyDay/images/cloud.png\" alt=\"\">\r\n                    </div>\r\n                    <div class=\"span3\">\r\n                        <p>Мануальная терапия является физическим воздействием на тело. Если во время процедуры вы будете инстинктивно напрягаться, сопротивляться воздействию - эффективность будет ниже. Возможно травмирование. Целью процедуры не является \"выжимание\" из пациента только щелчков и хруста. Громкость их не является показателем успеха.</p>\r\n                    </div>\r\n                </div>\r\n            </div>\r\n            <div class=\"span4 section\">\r\n                <div class=\"row\">\r\n                    <div class=\"my_h2\">Двигайтесь</div>\r\n                    <div class=\"span1\">\r\n                        <img src=\"https://proxy.imgsmail.ru/?h=8vCQDE9eKdxbxXHyX_xSCQ&amp;e=1394283841&amp;url717=bodyday.ru/static/themeBodyDay/images/bycicle.png\" alt=\"\">\r\n                    </div>\r\n                    <div class=\"span3\">\r\n                        <p>Массаж, мануальная терапия, физиотерапия и ЛФК вместе - мощнейшее оружие против заболеваний опорно-двигательного аппарата. Но, если после полученного лечения вы будете продолжать вести малоподвижный образ жизни, нагружать позвоночник - эффект будет временный. Метод может привести позвоночный столб в порядок, но закрепить эффект может только пациент в результате простых упражнений.</p>\r\n                    </div>\r\n                </div>\r\n            </div>\r\n            <div class=\"span4 section\">\r\n                <div class=\"row\">\r\n                    <div class=\"my_h2\">Важен формат</div>\r\n                    <div class=\"span1\">\r\n                        <img src=\"https://proxy.imgsmail.ru/?h=llvOeVJBXJqo6_NA2Q0WZg&amp;e=1394283841&amp;url717=bodyday.ru/static/themeBodyDay/images/home.png\" alt=\"\">\r\n                    </div>\r\n                    <div class=\"span3\">\r\n                        <p>Лучше получать процедуры мануальной терапии на дому или другом удобном месте, что позволит после лечения немного отдохнуть, чтобы не сразу давать полную нагрузку на позвоночник. Особенно вредно для спины долго сидеть, так как при этом нагрузка на позвоночник может превышать 140% от той, что действует, когда человек просто стоит.</p>\r\n                    </div>\r\n                </div>\r\n            </div>\r\n        </div>\r\n    </div>\r\n\r\n\r\n    \r\n    <div id=\"scroll\" class=\"content2_vmoskve\">\r\n        <div class=\"container\">\r\n            <div class=\"row\">\r\n                <div class=\"span12 section\">\r\n                    <div class=\"my_h2\">Важно помнить!</div>\r\n                    <p>Если у пациента, к примеру, самые распространённые заболевания позвоночника - остеохондроз и межпозвоночная грыжа мануальная терапия с успехом справляется и с тем и с другим. Однако следует помнить, что любой метод лечения способен как помочь, вылечить заболевание, так и навредить, ухудшить состояние и усилить проявление симптомов. По этой причине нельзя доверять своё здоровье мало знакомым специалистам. Неправильное выполнение процедур мануальной терапии может нанести больше вреда, чем пользы. Поэтому мануальная терапия в Москве и других городах - очень популярная медицинская процедура, при условии выполнения ее квалифицированным медицинским работником.</p>\r\n                </div>\r\n            </div>\r\n        </div>\r\n    </div>\r\n\r\n\r\n    \r\n\r\n\r\n    \r\n    <div class=\"footer\">\r\n        <div class=\"container\">\r\n            <div class=\"row\">\r\n                <div class=\"span12\">\r\n                    <div class=\"row\">\r\n                        <div class=\"span9\">\r\n                        </div>\r\n                        <div class=\"span3\">\r\n                            <a href=\"http://forward70.ru\" target=\"_blank\">Создание сайтов Forward</a>\r\n                        </div>\r\n                    </div>\r\n                </div>\r\n            </div>\r\n        </div>\r\n    </div>\r\n\r\n\r\n\r\n</div>', 'greenteamer@bk.ru'), ('10', 'dsfaf', '<div id=\"style_13940246260000000385_BODY\" class=\"js-readmsg-link-box\">new test\r\n\r\n    \r\n\r\n    \r\n\r\n<div style=\"background-color: #333333;\r\npadding: 20px;\r\nmin-height: 70px;\">\r\n    <div style=\"color: #999999;\r\nfloat: left;\r\nheight: 70px;\">\r\n        <div class=\"brand_right\" style=\"font-size: 30px; font-weight: 100; font-family: \"Helvetica Neue\",Helvetica,Arial,sans-serif;\">\r\n            <a href=\"/\" target=\"_blank\" style=\"color: #fff;\">forward70.ru</a>\r\n            <div style=\"color: #999999;\">Создание и продвижение сайтов</div>\r\n        </div>\r\n    </div>\r\n    <div class=\"top_menu\">\r\n        <div style=\"color: #fff;text-align: right;padding: 5px 10px;margin-right: 10px;font-size: 25px;\">\r\n            <span>8-913-888-68-99</span>\r\n        </div>\r\n    </div>\r\n</div>\r\n\r\n    \r\n\r\n<div style=\"background: #fff;\r\nborder-bottom: 1px solid #D4D4D4;\r\npadding: 20px;\">\r\n    <div style=\"text-align:center;\r\nfont-size: 35px;\r\nfont-weight: 100;\r\nfont-family: &quot;Helvetica Neue&quot;,Helvetica,Arial,sans-serif;\">Предложение по разработке и продвижению сайта</div>\r\n</div>\r\n\r\n    \r\n    <div class=\"container my_container\">\r\n        \r\n    <div class=\"row custom_page manual\">\r\n        <div class=\"span12\">\r\n            <h1 style=\"text-align:center;\r\npadding: 20px;\r\nmargin-top: 10px;\r\ntext-transform: uppercase;\r\nfont-weight: 100;\">Кратко о продвижении сайта</h1>\r\n\r\n            <div class=\"row section1\" style=\"/* background: #E6E6E6; */\r\nborder-bottom: 1px solid #D4D4D4;\r\n\r\npadding-bottom: 30px;\r\n/* margin-bottom: 40px; */\r\n\">\r\n                <div class=\"span8\">\r\n                    \r\n                    <div class=\"block1\" style=\"min-height: 280px;\">\r\n                        <img src=\"https://proxy.imgsmail.ru/?h=qtQGWzIsu6mVUFAbc888wQ&amp;e=1394283841&amp;url717=bodyday.ru/static/themeBodyDay/images/seo.jpg\" style=\"float: left;\r\nmargin-right: 20px;\r\nwidth:350px;\">\r\n                        <p style=\"/* float: left; */\">Мануальная терапия (от manus - рука) - метод лечения заболеваний опорно-двигательного аппарата с помощью непосредственного физического воздействия на тело пациента. В основе мануальной терапии лежат принципы остеопатии. Остеопатия - принцип лечения заболеваний, заключающийся в том, что из-за нарушения анатомии нарушается и функция больного органа. Что это значит?</p>\r\n                        <p>Каждый человек знает, что если сломать ногу, ходить он уже не сможет. Помочь может только физическое восстановление целостности кости. Никакие таблетки перелом не лечат. Допустим, у человека боли в спине из-за смещения позвонков относительно друг друга. Опять-таки, указанные нарушения нормального анатомического соотношения и строения невозможно излечить уколами или другими лекарствами. Единственно возможным способом является физическое воздействие на позвоночный столб в целом, и на смещённый сегмент в частности. Что и делает мануальный терапевт. С помощью точно рассчитанного физического усилия он устраняет смещение позвонков, восстанавливая нормальное их положение. Что это даёт?</p>\r\n                    </div>\r\n                </div>\r\n            </div>\r\n\r\n            <div class=\"line\"></div>\r\n\r\n            <div class=\"row section2 section\" style=\"background: #e7e8e3;\r\noverflow: hidden;\r\nborder-bottom: 1px solid #D4D4D4;\r\npadding-bottom: 30px;\r\n\">\r\n                <div class=\"my_h2\" style=\"text-align:center;\r\npadding: 20px;\r\nmargin-top: 20px;\r\nfont-size: 17px;\r\ntext-transform: uppercase;\r\ncolor: #484848;\r\nfont-weight: 100;\">Как это происходит</div>\r\n                <div class=\"span4\" style=\"width: 25%;\r\nfloat: left;\r\nmargin: 2%;\r\npadding: 2%;\r\nbackground: #FFFFFF;\r\nborder-radius: 10px;\r\nborder: 1px solid #CFCFCF;\">\r\n                    <div class=\"row\">\r\n                        <div class=\"span1\">\r\n                            <img src=\"https://proxy.imgsmail.ru/?h=Lbo7NuKDHGKb2NoPeZ3kVQ&amp;e=1394283841&amp;url717=bodyday.ru/static/themeBodyDay/images/1.png\" alt=\"\">\r\n                        </div>\r\n                        <div class=\"span3\">\r\n                            <h4>Возникновение проблемы</h4>\r\n                            <p>Известно, что при возникновении проблем с позвоночником организм пытается компенсировать патологию. Для этого в работу включается группа глубоких мышц спины и позвоночника. Однако на длительную работу они не рассчитаны. По этой причине мышцы быстро утомляются, спазмируются, что приводит к нарушению кровообращения и боли.</p>\r\n                        </div>\r\n                    </div>\r\n                </div>\r\n                <div class=\"span4\" style=\"width: 25%;\r\nfloat: left;\r\nmargin: 2%;\r\npadding: 2%;\r\nbackground: #FFFFFF;\r\nborder-radius: 10px;\r\nborder: 1px solid #CFCFCF;\">\r\n                    <div class=\"row\">\r\n                        <div class=\"span1\">\r\n                            <img src=\"https://proxy.imgsmail.ru/?h=SmUGhSZ9mpot2siTWNOJPA&amp;e=1394283841&amp;url717=bodyday.ru/static/themeBodyDay/images/2.png\" alt=\"\">\r\n                        </div>\r\n                        <div class=\"span3\">\r\n                            <h4>Мануальная терапия</h4>\r\n                            <p>Мануальная терапия позвоночника быстро снимает этот спазм. Кроме этого, мануальная терапия улучшает кровообращение. Восстановление нормальных анатомических отношений позвоночного двигательного сегмента способствует правильному распределению нагрузки, что благоприятно сказывается на общем состоянии.</p>\r\n                        </div>\r\n                    </div>\r\n                </div>\r\n                <div class=\"span4\" style=\"width: 25%;\r\nfloat: left;\r\nmargin: 2%;\r\npadding: 2%;\r\nbackground: #FFFFFF;\r\nborder-radius: 10px;\r\nborder: 1px solid #CFCFCF;\">\r\n                    <div class=\"row\">\r\n                        <div class=\"span1\">\r\n                            <img src=\"https://proxy.imgsmail.ru/?h=-T0BZb21zCrs-UXGkJyYqA&amp;e=1394283841&amp;url717=bodyday.ru/static/themeBodyDay/images/3.png\" alt=\"\">\r\n                        </div>\r\n                        <div class=\"span3\">\r\n                            <h4>Результат</h4>\r\n                            <p>В течени совсем короткого времени функции ваших органов восстановятся и ваша жизнь приобретет совершенно новое качество. Уже через 5 сеансов <strong>мануальной терапии</strong> большинство клиентов возвращаются к эффективной деятельности. Для поддержания этого результата необходимо вести активный образ жизни.</p>\r\n                        </div>\r\n                    </div>\r\n                </div>\r\n            </div>\r\n\r\n        </div>\r\n    </div>\r\n\r\n        \r\n    </div> \r\n\r\n    \r\n    \r\n\r\n\r\n    \r\n    <div class=\"container recomend\">\r\n        <div class=\"row\" style=\"/* background: #ECECEC; */\">\r\n            <div class=\"my_h2\" style=\"text-align:center;\r\npadding: 20px;\r\nmargin-top: 20px;\r\nfont-size: 17px;\r\ntext-transform: uppercase;\r\ncolor: #484848;\r\nfont-weight: 100;\r\n/* background: #ECECEC; */\">Некоторые рекомендации</div>\r\n            <div class=\"span4 section section2\">\r\n                <div class=\"row\">\r\n                    <div class=\"my_h2\">Доверие специалисту</div>\r\n                    <div class=\"span1\">\r\n                        <img src=\"https://proxy.imgsmail.ru/?h=B3epFBGVow3_BKfk9sciYw&amp;e=1394283841&amp;url717=bodyday.ru/static/themeBodyDay/images/cloud.png\" alt=\"\">\r\n                    </div>\r\n                    <div class=\"span3\">\r\n                        <p>Мануальная терапия является физическим воздействием на тело. Если во время процедуры вы будете инстинктивно напрягаться, сопротивляться воздействию - эффективность будет ниже. Возможно травмирование. Целью процедуры не является \"выжимание\" из пациента только щелчков и хруста. Громкость их не является показателем успеха.</p>\r\n                    </div>\r\n                </div>\r\n            </div>\r\n            <div class=\"span4 section\">\r\n                <div class=\"row\">\r\n                    <div class=\"my_h2\">Двигайтесь</div>\r\n                    <div class=\"span1\">\r\n                        <img src=\"https://proxy.imgsmail.ru/?h=8vCQDE9eKdxbxXHyX_xSCQ&amp;e=1394283841&amp;url717=bodyday.ru/static/themeBodyDay/images/bycicle.png\" alt=\"\">\r\n                    </div>\r\n                    <div class=\"span3\">\r\n                        <p>Массаж, мануальная терапия, физиотерапия и ЛФК вместе - мощнейшее оружие против заболеваний опорно-двигательного аппарата. Но, если после полученного лечения вы будете продолжать вести малоподвижный образ жизни, нагружать позвоночник - эффект будет временный. Метод может привести позвоночный столб в порядок, но закрепить эффект может только пациент в результате простых упражнений.</p>\r\n                    </div>\r\n                </div>\r\n            </div>\r\n            <div class=\"span4 section\">\r\n                <div class=\"row\">\r\n                    <div class=\"my_h2\">Важен формат</div>\r\n                    <div class=\"span1\">\r\n                        <img src=\"https://proxy.imgsmail.ru/?h=llvOeVJBXJqo6_NA2Q0WZg&amp;e=1394283841&amp;url717=bodyday.ru/static/themeBodyDay/images/home.png\" alt=\"\">\r\n                    </div>\r\n                    <div class=\"span3\">\r\n                        <p>Лучше получать процедуры мануальной терапии на дому или другом удобном месте, что позволит после лечения немного отдохнуть, чтобы не сразу давать полную нагрузку на позвоночник. Особенно вредно для спины долго сидеть, так как при этом нагрузка на позвоночник может превышать 140% от той, что действует, когда человек просто стоит.</p>\r\n                    </div>\r\n                </div>\r\n            </div>\r\n        </div>\r\n    </div>\r\n\r\n\r\n    \r\n    <div id=\"scroll\" class=\"content2_vmoskve\">\r\n        <div class=\"container\">\r\n            <div class=\"row\">\r\n                <div class=\"span12 section\">\r\n                    <div class=\"my_h2\">Важно помнить!</div>\r\n                    <p>Если у пациента, к примеру, самые распространённые заболевания позвоночника - остеохондроз и межпозвоночная грыжа мануальная терапия с успехом справляется и с тем и с другим. Однако следует помнить, что любой метод лечения способен как помочь, вылечить заболевание, так и навредить, ухудшить состояние и усилить проявление симптомов. По этой причине нельзя доверять своё здоровье мало знакомым специалистам. Неправильное выполнение процедур мануальной терапии может нанести больше вреда, чем пользы. Поэтому мануальная терапия в Москве и других городах - очень популярная медицинская процедура, при условии выполнения ее квалифицированным медицинским работником.</p>\r\n                </div>\r\n            </div>\r\n        </div>\r\n    </div>\r\n\r\n\r\n    \r\n\r\n\r\n    \r\n    <div class=\"footer\">\r\n        <div class=\"container\">\r\n            <div class=\"row\">\r\n                <div class=\"span12\">\r\n                    <div class=\"row\">\r\n                        <div class=\"span9\">\r\n                        </div>\r\n                        <div class=\"span3\">\r\n                            <a href=\"http://forward70.ru\" target=\"_blank\">Создание сайтов Forward</a>\r\n                        </div>\r\n                    </div>\r\n                </div>\r\n            </div>\r\n        </div>\r\n    </div>\r\n\r\n\r\n\r\n</div>', 'greenteamer@bk.ru');
INSERT INTO `mail_mail` VALUES ('11', 'dfadfa', '<div id=\"style_13940246260000000385_BODY\" class=\"js-readmsg-link-box\">new test\r\n\r\n    \r\n\r\n    \r\n\r\n<div style=\"background-color: #333333;\r\npadding: 20px;\r\nmin-height: 70px;\">\r\n    <div style=\"color: #999999;\r\nfloat: left;\r\nheight: 70px;\">\r\n        <div class=\"brand_right\" style=\"font-size: 30px; font-weight: 100; font-family: Helvetica Neue,Helvetica,Arial,sans-serif;\">\r\n            <a href=\"/\" target=\"_blank\" style=\"color: #fff;\">forward70.ru</a>\r\n            <div style=\"color: #999999;\">Создание и продвижение сайтов</div>\r\n        </div>\r\n    </div>\r\n    <div class=\"top_menu\">\r\n        <div style=\"color: #fff;text-align: right;padding: 5px 10px;margin-right: 10px;font-size: 25px;\">\r\n            <span>8-913-888-68-99</span>\r\n        </div>\r\n    </div>\r\n</div>\r\n\r\n    \r\n\r\n<div style=\"background: #fff;\r\nborder-bottom: 1px solid #D4D4D4;\r\npadding: 20px;\">\r\n    <div style=\"text-align:center;\r\nfont-size: 35px;\r\nfont-weight: 100;\r\nfont-family: &quot;Helvetica Neue&quot;,Helvetica,Arial,sans-serif;\">Предложение по разработке и продвижению сайта</div>\r\n</div>\r\n\r\n    \r\n    <div class=\"container my_container\">\r\n        \r\n    <div class=\"row custom_page manual\">\r\n        <div class=\"span12\">\r\n            <h1 style=\"text-align:center;\r\npadding: 20px;\r\nmargin-top: 10px;\r\ntext-transform: uppercase;\r\nfont-weight: 100;\">Кратко о продвижении сайта</h1>\r\n\r\n            <div class=\"row section1\" style=\"/* background: #E6E6E6; */\r\nborder-bottom: 1px solid #D4D4D4;\r\n\r\npadding-bottom: 30px;\r\n/* margin-bottom: 40px; */\r\n\">\r\n                <div class=\"span8\">\r\n                    \r\n                    <div class=\"block1\" style=\"min-height: 280px;\">\r\n                        <img src=\"https://proxy.imgsmail.ru/?h=qtQGWzIsu6mVUFAbc888wQ&amp;e=1394283841&amp;url717=bodyday.ru/static/themeBodyDay/images/seo.jpg\" style=\"float: left;\r\nmargin-right: 20px;\r\nwidth:350px;\">\r\n                        <p style=\"/* float: left; */\">Мануальная терапия (от manus - рука) - метод лечения заболеваний опорно-двигательного аппарата с помощью непосредственного физического воздействия на тело пациента. В основе мануальной терапии лежат принципы остеопатии. Остеопатия - принцип лечения заболеваний, заключающийся в том, что из-за нарушения анатомии нарушается и функция больного органа. Что это значит?</p>\r\n                        <p>Каждый человек знает, что если сломать ногу, ходить он уже не сможет. Помочь может только физическое восстановление целостности кости. Никакие таблетки перелом не лечат. Допустим, у человека боли в спине из-за смещения позвонков относительно друг друга. Опять-таки, указанные нарушения нормального анатомического соотношения и строения невозможно излечить уколами или другими лекарствами. Единственно возможным способом является физическое воздействие на позвоночный столб в целом, и на смещённый сегмент в частности. Что и делает мануальный терапевт. С помощью точно рассчитанного физического усилия он устраняет смещение позвонков, восстанавливая нормальное их положение. Что это даёт?</p>\r\n                    </div>\r\n                </div>\r\n            </div>\r\n\r\n            <div class=\"line\"></div>\r\n\r\n            <div class=\"row section2 section\" style=\"background: #e7e8e3;\r\noverflow: hidden;\r\nborder-bottom: 1px solid #D4D4D4;\r\npadding-bottom: 30px;\r\n\">\r\n                <div class=\"my_h2\" style=\"text-align:center;\r\npadding: 20px;\r\nmargin-top: 20px;\r\nfont-size: 17px;\r\ntext-transform: uppercase;\r\ncolor: #484848;\r\nfont-weight: 100;\">Как это происходит</div>\r\n                <div class=\"span4\" style=\"width: 25%;\r\nfloat: left;\r\nmargin: 2%;\r\npadding: 2%;\r\nbackground: #FFFFFF;\r\nborder-radius: 10px;\r\nborder: 1px solid #CFCFCF;\">\r\n                    <div class=\"row\">\r\n                        <div class=\"span1\">\r\n                            <img src=\"https://proxy.imgsmail.ru/?h=Lbo7NuKDHGKb2NoPeZ3kVQ&amp;e=1394283841&amp;url717=bodyday.ru/static/themeBodyDay/images/1.png\" alt=\"\">\r\n                        </div>\r\n                        <div class=\"span3\">\r\n                            <h4>Возникновение проблемы</h4>\r\n                            <p>Известно, что при возникновении проблем с позвоночником организм пытается компенсировать патологию. Для этого в работу включается группа глубоких мышц спины и позвоночника. Однако на длительную работу они не рассчитаны. По этой причине мышцы быстро утомляются, спазмируются, что приводит к нарушению кровообращения и боли.</p>\r\n                        </div>\r\n                    </div>\r\n                </div>\r\n                <div class=\"span4\" style=\"width: 25%;\r\nfloat: left;\r\nmargin: 2%;\r\npadding: 2%;\r\nbackground: #FFFFFF;\r\nborder-radius: 10px;\r\nborder: 1px solid #CFCFCF;\">\r\n                    <div class=\"row\">\r\n                        <div class=\"span1\">\r\n                            <img src=\"https://proxy.imgsmail.ru/?h=SmUGhSZ9mpot2siTWNOJPA&amp;e=1394283841&amp;url717=bodyday.ru/static/themeBodyDay/images/2.png\" alt=\"\">\r\n                        </div>\r\n                        <div class=\"span3\">\r\n                            <h4>Мануальная терапия</h4>\r\n                            <p>Мануальная терапия позвоночника быстро снимает этот спазм. Кроме этого, мануальная терапия улучшает кровообращение. Восстановление нормальных анатомических отношений позвоночного двигательного сегмента способствует правильному распределению нагрузки, что благоприятно сказывается на общем состоянии.</p>\r\n                        </div>\r\n                    </div>\r\n                </div>\r\n                <div class=\"span4\" style=\"width: 25%;\r\nfloat: left;\r\nmargin: 2%;\r\npadding: 2%;\r\nbackground: #FFFFFF;\r\nborder-radius: 10px;\r\nborder: 1px solid #CFCFCF;\">\r\n                    <div class=\"row\">\r\n                        <div class=\"span1\">\r\n                            <img src=\"https://proxy.imgsmail.ru/?h=-T0BZb21zCrs-UXGkJyYqA&amp;e=1394283841&amp;url717=bodyday.ru/static/themeBodyDay/images/3.png\" alt=\"\">\r\n                        </div>\r\n                        <div class=\"span3\">\r\n                            <h4>Результат</h4>\r\n                            <p>В течени совсем короткого времени функции ваших органов восстановятся и ваша жизнь приобретет совершенно новое качество. Уже через 5 сеансов <strong>мануальной терапии</strong> большинство клиентов возвращаются к эффективной деятельности. Для поддержания этого результата необходимо вести активный образ жизни.</p>\r\n                        </div>\r\n                    </div>\r\n                </div>\r\n            </div>\r\n\r\n        </div>\r\n    </div>\r\n\r\n        \r\n    </div> \r\n\r\n    \r\n    \r\n\r\n\r\n    \r\n    <div class=\"container recomend\">\r\n        <div class=\"row\" style=\"/* background: #ECECEC; */\">\r\n            <div class=\"my_h2\" style=\"text-align:center;\r\npadding: 20px;\r\nmargin-top: 20px;\r\nfont-size: 17px;\r\ntext-transform: uppercase;\r\ncolor: #484848;\r\nfont-weight: 100;\r\n/* background: #ECECEC; */\">Некоторые рекомендации</div>\r\n            <div class=\"span4 section section2\">\r\n                <div class=\"row\">\r\n                    <div class=\"my_h2\">Доверие специалисту</div>\r\n                    <div class=\"span1\">\r\n                        <img src=\"https://proxy.imgsmail.ru/?h=B3epFBGVow3_BKfk9sciYw&amp;e=1394283841&amp;url717=bodyday.ru/static/themeBodyDay/images/cloud.png\" alt=\"\">\r\n                    </div>\r\n                    <div class=\"span3\">\r\n                        <p>Мануальная терапия является физическим воздействием на тело. Если во время процедуры вы будете инстинктивно напрягаться, сопротивляться воздействию - эффективность будет ниже. Возможно травмирование. Целью процедуры не является \"выжимание\" из пациента только щелчков и хруста. Громкость их не является показателем успеха.</p>\r\n                    </div>\r\n                </div>\r\n            </div>\r\n            <div class=\"span4 section\">\r\n                <div class=\"row\">\r\n                    <div class=\"my_h2\">Двигайтесь</div>\r\n                    <div class=\"span1\">\r\n                        <img src=\"https://proxy.imgsmail.ru/?h=8vCQDE9eKdxbxXHyX_xSCQ&amp;e=1394283841&amp;url717=bodyday.ru/static/themeBodyDay/images/bycicle.png\" alt=\"\">\r\n                    </div>\r\n                    <div class=\"span3\">\r\n                        <p>Массаж, мануальная терапия, физиотерапия и ЛФК вместе - мощнейшее оружие против заболеваний опорно-двигательного аппарата. Но, если после полученного лечения вы будете продолжать вести малоподвижный образ жизни, нагружать позвоночник - эффект будет временный. Метод может привести позвоночный столб в порядок, но закрепить эффект может только пациент в результате простых упражнений.</p>\r\n                    </div>\r\n                </div>\r\n            </div>\r\n            <div class=\"span4 section\">\r\n                <div class=\"row\">\r\n                    <div class=\"my_h2\">Важен формат</div>\r\n                    <div class=\"span1\">\r\n                        <img src=\"https://proxy.imgsmail.ru/?h=llvOeVJBXJqo6_NA2Q0WZg&amp;e=1394283841&amp;url717=bodyday.ru/static/themeBodyDay/images/home.png\" alt=\"\">\r\n                    </div>\r\n                    <div class=\"span3\">\r\n                        <p>Лучше получать процедуры мануальной терапии на дому или другом удобном месте, что позволит после лечения немного отдохнуть, чтобы не сразу давать полную нагрузку на позвоночник. Особенно вредно для спины долго сидеть, так как при этом нагрузка на позвоночник может превышать 140% от той, что действует, когда человек просто стоит.</p>\r\n                    </div>\r\n                </div>\r\n            </div>\r\n        </div>\r\n    </div>\r\n\r\n\r\n    \r\n    <div id=\"scroll\" class=\"content2_vmoskve\">\r\n        <div class=\"container\">\r\n            <div class=\"row\">\r\n                <div class=\"span12 section\">\r\n                    <div class=\"my_h2\">Важно помнить!</div>\r\n                    <p>Если у пациента, к примеру, самые распространённые заболевания позвоночника - остеохондроз и межпозвоночная грыжа мануальная терапия с успехом справляется и с тем и с другим. Однако следует помнить, что любой метод лечения способен как помочь, вылечить заболевание, так и навредить, ухудшить состояние и усилить проявление симптомов. По этой причине нельзя доверять своё здоровье мало знакомым специалистам. Неправильное выполнение процедур мануальной терапии может нанести больше вреда, чем пользы. Поэтому мануальная терапия в Москве и других городах - очень популярная медицинская процедура, при условии выполнения ее квалифицированным медицинским работником.</p>\r\n                </div>\r\n            </div>\r\n        </div>\r\n    </div>\r\n\r\n\r\n    \r\n\r\n\r\n    \r\n    <div class=\"footer\">\r\n        <div class=\"container\">\r\n            <div class=\"row\">\r\n                <div class=\"span12\">\r\n                    <div class=\"row\">\r\n                        <div class=\"span9\">\r\n                        </div>\r\n                        <div class=\"span3\">\r\n                            <a href=\"http://forward70.ru\" target=\"_blank\">Создание сайтов Forward</a>\r\n                        </div>\r\n                    </div>\r\n                </div>\r\n            </div>\r\n        </div>\r\n    </div>\r\n\r\n\r\n\r\n</div>', 'greenteamer@bk.ru'), ('12', 'adsfadf', '<div id=\"style_13940246260000000385_BODY\" class=\"js-readmsg-link-box\">new test\r\n\r\n    \r\n\r\n    \r\n\r\n<div style=\"background-color: #333333;\r\npadding: 20px;\r\nmin-height: 70px;\">\r\n    <div style=\"color: #999999;\r\nfloat: left;\r\nheight: 70px;\">\r\n        <div class=\"brand_right\" style=\"font-size: 30px; font-weight: 100; font-family: Helvetica Neue,Helvetica,Arial,sans-serif;\">\r\n            <a href=\"/\" target=\"_blank\" style=\"color: #fff;\">forward70.ru</a>\r\n            <div style=\"color: #999999;\">Создание и продвижение сайтов</div>\r\n        </div>\r\n    </div>\r\n    <div class=\"top_menu\">\r\n        <div style=\"color: #fff;text-align: right;padding: 5px 10px;margin-right: 10px;font-size: 25px;\">\r\n            <span>8-913-888-68-99</span>\r\n        </div>\r\n    </div>\r\n</div>\r\n\r\n    \r\n\r\n<div style=\"background: #fff;\r\nborder-bottom: 1px solid #D4D4D4;\r\npadding: 20px;\">\r\n    <div style=\"font-size: 35px; font-weight: 100; font-family: Helvetica Neue,Helvetica,Arial,sans-serif;\">Предложение по разработке и продвижению сайта</div>\r\n</div>\r\n\r\n    \r\n    <div class=\"container my_container\">\r\n        \r\n    <div class=\"row custom_page manual\">\r\n        <div class=\"span12\">\r\n            <h1 style=\"text-align:center;\r\npadding: 20px;\r\nmargin-top: 10px;\r\ntext-transform: uppercase;\r\nfont-weight: 100;\">Кратко о продвижении сайта</h1>\r\n\r\n            <div class=\"row section1\" style=\"/* background: #E6E6E6; */\r\nborder-bottom: 1px solid #D4D4D4;\r\n\r\npadding-bottom: 30px;\r\n/* margin-bottom: 40px; */\r\n\">\r\n                <div class=\"span8\">\r\n                    \r\n                    <div class=\"block1\" style=\"min-height: 280px;\">\r\n                        <img src=\"https://proxy.imgsmail.ru/?h=qtQGWzIsu6mVUFAbc888wQ&amp;e=1394283841&amp;url717=bodyday.ru/static/themeBodyDay/images/seo.jpg\" style=\"float: left;\r\nmargin-right: 20px;\r\nwidth:350px;\">\r\n                        <p style=\"/* float: left; */\">Мануальная терапия (от manus - рука) - метод лечения заболеваний опорно-двигательного аппарата с помощью непосредственного физического воздействия на тело пациента. В основе мануальной терапии лежат принципы остеопатии. Остеопатия - принцип лечения заболеваний, заключающийся в том, что из-за нарушения анатомии нарушается и функция больного органа. Что это значит?</p>\r\n                        <p>Каждый человек знает, что если сломать ногу, ходить он уже не сможет. Помочь может только физическое восстановление целостности кости. Никакие таблетки перелом не лечат. Допустим, у человека боли в спине из-за смещения позвонков относительно друг друга. Опять-таки, указанные нарушения нормального анатомического соотношения и строения невозможно излечить уколами или другими лекарствами. Единственно возможным способом является физическое воздействие на позвоночный столб в целом, и на смещённый сегмент в частности. Что и делает мануальный терапевт. С помощью точно рассчитанного физического усилия он устраняет смещение позвонков, восстанавливая нормальное их положение. Что это даёт?</p>\r\n                    </div>\r\n                </div>\r\n            </div>\r\n\r\n            <div class=\"line\"></div>\r\n\r\n            <div class=\"row section2 section\" style=\"background: #e7e8e3;\r\noverflow: hidden;\r\nborder-bottom: 1px solid #D4D4D4;\r\npadding-bottom: 30px;\r\n\">\r\n                <div class=\"my_h2\" style=\"text-align:center;\r\npadding: 20px;\r\nmargin-top: 20px;\r\nfont-size: 17px;\r\ntext-transform: uppercase;\r\ncolor: #484848;\r\nfont-weight: 100;\">Как это происходит</div>\r\n                <div class=\"span4\" style=\"width: 25%;\r\nfloat: left;\r\nmargin: 2%;\r\npadding: 2%;\r\nbackground: #FFFFFF;\r\nborder-radius: 10px;\r\nborder: 1px solid #CFCFCF;\">\r\n                    <div class=\"row\">\r\n                        <div class=\"span1\">\r\n                            <img src=\"https://proxy.imgsmail.ru/?h=Lbo7NuKDHGKb2NoPeZ3kVQ&amp;e=1394283841&amp;url717=bodyday.ru/static/themeBodyDay/images/1.png\" alt=\"\">\r\n                        </div>\r\n                        <div class=\"span3\">\r\n                            <h4>Возникновение проблемы</h4>\r\n                            <p>Известно, что при возникновении проблем с позвоночником организм пытается компенсировать патологию. Для этого в работу включается группа глубоких мышц спины и позвоночника. Однако на длительную работу они не рассчитаны. По этой причине мышцы быстро утомляются, спазмируются, что приводит к нарушению кровообращения и боли.</p>\r\n                        </div>\r\n                    </div>\r\n                </div>\r\n                <div class=\"span4\" style=\"width: 25%;\r\nfloat: left;\r\nmargin: 2%;\r\npadding: 2%;\r\nbackground: #FFFFFF;\r\nborder-radius: 10px;\r\nborder: 1px solid #CFCFCF;\">\r\n                    <div class=\"row\">\r\n                        <div class=\"span1\">\r\n                            <img src=\"https://proxy.imgsmail.ru/?h=SmUGhSZ9mpot2siTWNOJPA&amp;e=1394283841&amp;url717=bodyday.ru/static/themeBodyDay/images/2.png\" alt=\"\">\r\n                        </div>\r\n                        <div class=\"span3\">\r\n                            <h4>Мануальная терапия</h4>\r\n                            <p>Мануальная терапия позвоночника быстро снимает этот спазм. Кроме этого, мануальная терапия улучшает кровообращение. Восстановление нормальных анатомических отношений позвоночного двигательного сегмента способствует правильному распределению нагрузки, что благоприятно сказывается на общем состоянии.</p>\r\n                        </div>\r\n                    </div>\r\n                </div>\r\n                <div class=\"span4\" style=\"width: 25%;\r\nfloat: left;\r\nmargin: 2%;\r\npadding: 2%;\r\nbackground: #FFFFFF;\r\nborder-radius: 10px;\r\nborder: 1px solid #CFCFCF;\">\r\n                    <div class=\"row\">\r\n                        <div class=\"span1\">\r\n                            <img src=\"https://proxy.imgsmail.ru/?h=-T0BZb21zCrs-UXGkJyYqA&amp;e=1394283841&amp;url717=bodyday.ru/static/themeBodyDay/images/3.png\" alt=\"\">\r\n                        </div>\r\n                        <div class=\"span3\">\r\n                            <h4>Результат</h4>\r\n                            <p>В течени совсем короткого времени функции ваших органов восстановятся и ваша жизнь приобретет совершенно новое качество. Уже через 5 сеансов <strong>мануальной терапии</strong> большинство клиентов возвращаются к эффективной деятельности. Для поддержания этого результата необходимо вести активный образ жизни.</p>\r\n                        </div>\r\n                    </div>\r\n                </div>\r\n            </div>\r\n\r\n        </div>\r\n    </div>\r\n\r\n        \r\n    </div> \r\n\r\n    \r\n    \r\n\r\n\r\n    \r\n    <div class=\"container recomend\">\r\n        <div class=\"row\" style=\"/* background: #ECECEC; */\">\r\n            <div class=\"my_h2\" style=\"text-align:center;\r\npadding: 20px;\r\nmargin-top: 20px;\r\nfont-size: 17px;\r\ntext-transform: uppercase;\r\ncolor: #484848;\r\nfont-weight: 100;\r\n/* background: #ECECEC; */\">Некоторые рекомендации</div>\r\n            <div class=\"span4 section section2\">\r\n                <div class=\"row\">\r\n                    <div class=\"my_h2\">Доверие специалисту</div>\r\n                    <div class=\"span1\">\r\n                        <img src=\"https://proxy.imgsmail.ru/?h=B3epFBGVow3_BKfk9sciYw&amp;e=1394283841&amp;url717=bodyday.ru/static/themeBodyDay/images/cloud.png\" alt=\"\">\r\n                    </div>\r\n                    <div class=\"span3\">\r\n                        <p>Мануальная терапия является физическим воздействием на тело. Если во время процедуры вы будете инстинктивно напрягаться, сопротивляться воздействию - эффективность будет ниже. Возможно травмирование. Целью процедуры не является \"выжимание\" из пациента только щелчков и хруста. Громкость их не является показателем успеха.</p>\r\n                    </div>\r\n                </div>\r\n            </div>\r\n            <div class=\"span4 section\">\r\n                <div class=\"row\">\r\n                    <div class=\"my_h2\">Двигайтесь</div>\r\n                    <div class=\"span1\">\r\n                        <img src=\"https://proxy.imgsmail.ru/?h=8vCQDE9eKdxbxXHyX_xSCQ&amp;e=1394283841&amp;url717=bodyday.ru/static/themeBodyDay/images/bycicle.png\" alt=\"\">\r\n                    </div>\r\n                    <div class=\"span3\">\r\n                        <p>Массаж, мануальная терапия, физиотерапия и ЛФК вместе - мощнейшее оружие против заболеваний опорно-двигательного аппарата. Но, если после полученного лечения вы будете продолжать вести малоподвижный образ жизни, нагружать позвоночник - эффект будет временный. Метод может привести позвоночный столб в порядок, но закрепить эффект может только пациент в результате простых упражнений.</p>\r\n                    </div>\r\n                </div>\r\n            </div>\r\n            <div class=\"span4 section\">\r\n                <div class=\"row\">\r\n                    <div class=\"my_h2\">Важен формат</div>\r\n                    <div class=\"span1\">\r\n                        <img src=\"https://proxy.imgsmail.ru/?h=llvOeVJBXJqo6_NA2Q0WZg&amp;e=1394283841&amp;url717=bodyday.ru/static/themeBodyDay/images/home.png\" alt=\"\">\r\n                    </div>\r\n                    <div class=\"span3\">\r\n                        <p>Лучше получать процедуры мануальной терапии на дому или другом удобном месте, что позволит после лечения немного отдохнуть, чтобы не сразу давать полную нагрузку на позвоночник. Особенно вредно для спины долго сидеть, так как при этом нагрузка на позвоночник может превышать 140% от той, что действует, когда человек просто стоит.</p>\r\n                    </div>\r\n                </div>\r\n            </div>\r\n        </div>\r\n    </div>\r\n\r\n\r\n    \r\n    <div id=\"scroll\" class=\"content2_vmoskve\">\r\n        <div class=\"container\">\r\n            <div class=\"row\">\r\n                <div class=\"span12 section\">\r\n                    <div class=\"my_h2\">Важно помнить!</div>\r\n                    <p>Если у пациента, к примеру, самые распространённые заболевания позвоночника - остеохондроз и межпозвоночная грыжа мануальная терапия с успехом справляется и с тем и с другим. Однако следует помнить, что любой метод лечения способен как помочь, вылечить заболевание, так и навредить, ухудшить состояние и усилить проявление симптомов. По этой причине нельзя доверять своё здоровье мало знакомым специалистам. Неправильное выполнение процедур мануальной терапии может нанести больше вреда, чем пользы. Поэтому мануальная терапия в Москве и других городах - очень популярная медицинская процедура, при условии выполнения ее квалифицированным медицинским работником.</p>\r\n                </div>\r\n            </div>\r\n        </div>\r\n    </div>\r\n\r\n\r\n    \r\n\r\n\r\n    \r\n    <div class=\"footer\">\r\n        <div class=\"container\">\r\n            <div class=\"row\">\r\n                <div class=\"span12\">\r\n                    <div class=\"row\">\r\n                        <div class=\"span9\">\r\n                        </div>\r\n                        <div class=\"span3\">\r\n                            <a href=\"http://forward70.ru\" target=\"_blank\">Создание сайтов Forward</a>\r\n                        </div>\r\n                    </div>\r\n                </div>\r\n            </div>\r\n        </div>\r\n    </div>\r\n\r\n\r\n\r\n</div>', 'greenteamer@bk.ru'), ('13', 'adfadf', '<div id=\"style_13940246260000000385_BODY\" class=\"js-readmsg-link-box\">new test\r\n\r\n    \r\n\r\n    \r\n\r\n<div style=\"background-color: #333333;\r\npadding: 20px;\r\nmin-height: 70px;\">\r\n    <div style=\"color: #999999;\r\nfloat: left;\r\nheight: 70px;\">\r\n        <div class=\"brand_right\" style=\"font-size: 30px; font-weight: 100; font-family: Helvetica Neue,Helvetica,Arial,sans-serif;\">\r\n            <a href=\"/\" target=\"_blank\" style=\"color: #fff;\">forward70.ru</a>\r\n            <div style=\"color: #999999;\">Создание и продвижение сайтов</div>\r\n        </div>\r\n    </div>\r\n    <div class=\"top_menu\">\r\n        <div style=\"color: #fff;text-align: right;padding: 5px 10px;margin-right: 10px;font-size: 25px;\">\r\n            <span>8-913-888-68-99</span>\r\n        </div>\r\n    </div>\r\n</div>\r\n\r\n    \r\n\r\n<div style=\"background: #fff;\r\nborder-bottom: 1px solid #D4D4D4;\r\npadding: 20px;\">\r\n    <div style=\"font-size: 35px; text-align: center; font-weight: 100; font-family: Helvetica Neue,Helvetica,Arial,sans-serif;\">Предложение по разработке и продвижению сайта</div>\r\n</div>\r\n\r\n    \r\n    <div class=\"container my_container\">\r\n        \r\n    <div class=\"row custom_page manual\">\r\n        <div class=\"span12\">\r\n            <h1 style=\"text-align:center;\r\npadding: 20px;\r\nmargin-top: 10px;\r\ntext-transform: uppercase;\r\nfont-weight: 100;\">Кратко о продвижении сайта</h1>\r\n\r\n            <div class=\"row section1\" style=\"/* background: #E6E6E6; */\r\nborder-bottom: 1px solid #D4D4D4;\r\n\r\npadding-bottom: 30px;\r\n/* margin-bottom: 40px; */\r\n\">\r\n                <div class=\"span8\">\r\n                    \r\n                    <div class=\"block1\" style=\"min-height: 280px;\">\r\n                        <img src=\"https://proxy.imgsmail.ru/?h=qtQGWzIsu6mVUFAbc888wQ&amp;e=1394283841&amp;url717=bodyday.ru/static/themeBodyDay/images/seo.jpg\" style=\"float: left;\r\nmargin-right: 20px;\r\nwidth:350px;\">\r\n                        <p style=\"/* float: left; */\">Мануальная терапия (от manus - рука) - метод лечения заболеваний опорно-двигательного аппарата с помощью непосредственного физического воздействия на тело пациента. В основе мануальной терапии лежат принципы остеопатии. Остеопатия - принцип лечения заболеваний, заключающийся в том, что из-за нарушения анатомии нарушается и функция больного органа. Что это значит?</p>\r\n                        <p>Каждый человек знает, что если сломать ногу, ходить он уже не сможет. Помочь может только физическое восстановление целостности кости. Никакие таблетки перелом не лечат. Допустим, у человека боли в спине из-за смещения позвонков относительно друг друга. Опять-таки, указанные нарушения нормального анатомического соотношения и строения невозможно излечить уколами или другими лекарствами. Единственно возможным способом является физическое воздействие на позвоночный столб в целом, и на смещённый сегмент в частности. Что и делает мануальный терапевт. С помощью точно рассчитанного физического усилия он устраняет смещение позвонков, восстанавливая нормальное их положение. Что это даёт?</p>\r\n                    </div>\r\n                </div>\r\n            </div>\r\n\r\n            <div class=\"line\"></div>\r\n\r\n            <div class=\"row section2 section\" style=\"background: #e7e8e3;\r\noverflow: hidden;\r\nborder-bottom: 1px solid #D4D4D4;\r\npadding-bottom: 30px;\r\n\">\r\n                <div class=\"my_h2\" style=\"text-align:center;\r\npadding: 20px;\r\nmargin-top: 20px;\r\nfont-size: 17px;\r\ntext-transform: uppercase;\r\ncolor: #484848;\r\nfont-weight: 100;\">Как это происходит</div>\r\n                <div class=\"span4\" style=\"width: 25%;\r\nfloat: left;\r\nmargin: 2%;\r\npadding: 2%;\r\nbackground: #FFFFFF;\r\nborder-radius: 10px;\r\nborder: 1px solid #CFCFCF;\">\r\n                    <div class=\"row\">\r\n                        <div class=\"span1\">\r\n                            <img src=\"https://proxy.imgsmail.ru/?h=Lbo7NuKDHGKb2NoPeZ3kVQ&amp;e=1394283841&amp;url717=bodyday.ru/static/themeBodyDay/images/1.png\" alt=\"\">\r\n                        </div>\r\n                        <div class=\"span3\">\r\n                            <h4>Возникновение проблемы</h4>\r\n                            <p>Известно, что при возникновении проблем с позвоночником организм пытается компенсировать патологию. Для этого в работу включается группа глубоких мышц спины и позвоночника. Однако на длительную работу они не рассчитаны. По этой причине мышцы быстро утомляются, спазмируются, что приводит к нарушению кровообращения и боли.</p>\r\n                        </div>\r\n                    </div>\r\n                </div>\r\n                <div class=\"span4\" style=\"width: 25%;\r\nfloat: left;\r\nmargin: 2%;\r\npadding: 2%;\r\nbackground: #FFFFFF;\r\nborder-radius: 10px;\r\nborder: 1px solid #CFCFCF;\">\r\n                    <div class=\"row\">\r\n                        <div class=\"span1\">\r\n                            <img src=\"https://proxy.imgsmail.ru/?h=SmUGhSZ9mpot2siTWNOJPA&amp;e=1394283841&amp;url717=bodyday.ru/static/themeBodyDay/images/2.png\" alt=\"\">\r\n                        </div>\r\n                        <div class=\"span3\">\r\n                            <h4>Мануальная терапия</h4>\r\n                            <p>Мануальная терапия позвоночника быстро снимает этот спазм. Кроме этого, мануальная терапия улучшает кровообращение. Восстановление нормальных анатомических отношений позвоночного двигательного сегмента способствует правильному распределению нагрузки, что благоприятно сказывается на общем состоянии.</p>\r\n                        </div>\r\n                    </div>\r\n                </div>\r\n                <div class=\"span4\" style=\"width: 25%;\r\nfloat: left;\r\nmargin: 2%;\r\npadding: 2%;\r\nbackground: #FFFFFF;\r\nborder-radius: 10px;\r\nborder: 1px solid #CFCFCF;\">\r\n                    <div class=\"row\">\r\n                        <div class=\"span1\">\r\n                            <img src=\"https://proxy.imgsmail.ru/?h=-T0BZb21zCrs-UXGkJyYqA&amp;e=1394283841&amp;url717=bodyday.ru/static/themeBodyDay/images/3.png\" alt=\"\">\r\n                        </div>\r\n                        <div class=\"span3\">\r\n                            <h4>Результат</h4>\r\n                            <p>В течени совсем короткого времени функции ваших органов восстановятся и ваша жизнь приобретет совершенно новое качество. Уже через 5 сеансов <strong>мануальной терапии</strong> большинство клиентов возвращаются к эффективной деятельности. Для поддержания этого результата необходимо вести активный образ жизни.</p>\r\n                        </div>\r\n                    </div>\r\n                </div>\r\n            </div>\r\n\r\n        </div>\r\n    </div>\r\n\r\n        \r\n    </div> \r\n\r\n    \r\n    \r\n\r\n\r\n    \r\n    <div class=\"container recomend\">\r\n        <div class=\"row\" style=\"/* background: #ECECEC; */\">\r\n            <div class=\"my_h2\" style=\"text-align:center;\r\npadding: 20px;\r\nmargin-top: 20px;\r\nfont-size: 17px;\r\ntext-transform: uppercase;\r\ncolor: #484848;\r\nfont-weight: 100;\r\n/* background: #ECECEC; */\">Некоторые рекомендации</div>\r\n            <div class=\"span4 section section2\">\r\n                <div class=\"row\">\r\n                    <div class=\"my_h2\">Доверие специалисту</div>\r\n                    <div class=\"span1\">\r\n                        <img src=\"http://bodyday.ru/static//themeBodyDay/images/ok.png\" alt=\"\">\r\n                    </div>\r\n                    <div class=\"span3\">\r\n                        <p>Мануальная терапия является физическим воздействием на тело. Если во время процедуры вы будете инстинктивно напрягаться, сопротивляться воздействию - эффективность будет ниже. Возможно травмирование. Целью процедуры не является \"выжимание\" из пациента только щелчков и хруста. Громкость их не является показателем успеха.</p>\r\n                    </div>\r\n                </div>\r\n            </div>\r\n            <div class=\"span4 section\">\r\n                <div class=\"row\">\r\n                    <div class=\"my_h2\">Двигайтесь</div>\r\n                    <div class=\"span1\">\r\n                        <img src=\"http://bodyday.ru/static//themeBodyDay/images/ok.png\" alt=\"\">\r\n                    </div>\r\n                    <div class=\"span3\">\r\n                        <p>Массаж, мануальная терапия, физиотерапия и ЛФК вместе - мощнейшее оружие против заболеваний опорно-двигательного аппарата. Но, если после полученного лечения вы будете продолжать вести малоподвижный образ жизни, нагружать позвоночник - эффект будет временный. Метод может привести позвоночный столб в порядок, но закрепить эффект может только пациент в результате простых упражнений.</p>\r\n                    </div>\r\n                </div>\r\n            </div>\r\n            <div class=\"span4 section\">\r\n                <div class=\"row\">\r\n                    <div class=\"my_h2\">Важен формат</div>\r\n                    <div class=\"span1\">\r\n                        <img src=\"http://bodyday.ru/static//themeBodyDay/images/ok.png\" alt=\"\">\r\n                    </div>\r\n                    <div class=\"span3\">\r\n                        <p>Лучше получать процедуры мануальной терапии на дому или другом удобном месте, что позволит после лечения немного отдохнуть, чтобы не сразу давать полную нагрузку на позвоночник. Особенно вредно для спины долго сидеть, так как при этом нагрузка на позвоночник может превышать 140% от той, что действует, когда человек просто стоит.</p>\r\n                    </div>\r\n                </div>\r\n            </div>\r\n        </div>\r\n    </div>\r\n\r\n\r\n    \r\n    <div id=\"scroll\" class=\"content2_vmoskve\">\r\n        <div class=\"container\">\r\n            <div class=\"row\">\r\n                <div class=\"span12 section\">\r\n                    <div class=\"my_h2\">Важно помнить!</div>\r\n                    <p>Если у пациента, к примеру, самые распространённые заболевания позвоночника - остеохондроз и межпозвоночная грыжа мануальная терапия с успехом справляется и с тем и с другим. Однако следует помнить, что любой метод лечения способен как помочь, вылечить заболевание, так и навредить, ухудшить состояние и усилить проявление симптомов. По этой причине нельзя доверять своё здоровье мало знакомым специалистам. Неправильное выполнение процедур мануальной терапии может нанести больше вреда, чем пользы. Поэтому мануальная терапия в Москве и других городах - очень популярная медицинская процедура, при условии выполнения ее квалифицированным медицинским работником.</p>\r\n                </div>\r\n            </div>\r\n        </div>\r\n    </div>\r\n\r\n\r\n    \r\n\r\n\r\n    \r\n    <div class=\"footer\">\r\n        <div class=\"container\">\r\n            <div class=\"row\">\r\n                <div class=\"span12\">\r\n                    <div class=\"row\">\r\n                        <div class=\"span9\">\r\n                        </div>\r\n                        <div class=\"span3\">\r\n                            <a href=\"http://forward70.ru\" target=\"_blank\">Создание сайтов Forward</a>\r\n                        </div>\r\n                    </div>\r\n                </div>\r\n            </div>\r\n        </div>\r\n    </div>\r\n\r\n\r\n\r\n</div>', 'greenteamer@bk.ru'), ('14', 'афвпфвп', '<div id=\"style_13940246260000000385_BODY\" class=\"js-readmsg-link-box\">new test\r\n\r\n<div style=\"background-color: #333333;padding: 20px;min-height: 70px;\">\r\n    <div style=\"color: #999999;float: left;height: 70px;\">\r\n        <div class=\"brand_right\" style=\"font-size: 30px; font-weight: 100; font-family: Helvetica Neue,Helvetica,Arial,sans-serif;\">\r\n            <a href=\"/\" target=\"_blank\" style=\"color: #fff;\">forward70.ru</a>\r\n            <div style=\"color: #999999;\">Создание и продвижение сайтов</div>\r\n        </div>\r\n    </div>\r\n    <div class=\"top_menu\">\r\n        <div style=\"color: #fff;text-align: right;padding: 5px 10px;margin-right: 10px;font-size: 25px;\">\r\n            <span>8-913-888-68-99</span>\r\n        </div>\r\n    </div>\r\n</div>\r\n\r\n<div style=\"background: #fff;border-bottom: 1px solid #D4D4D4;padding: 20px;\">\r\n    <div style=\"font-size: 35px; text-align: center; font-weight: 100; font-family: Helvetica Neue,Helvetica,Arial,sans-serif;\">Предложение по разработке и продвижению сайта</div>\r\n</div>\r\n    \r\n    <div class=\"container my_container\">\r\n        \r\n    <div class=\"row custom_page manual\">\r\n        <div class=\"span12\">\r\n            <h1 style=\"text-align:center;padding: 20px;margin-top: 10px;text-transform: uppercase;font-weight: 100;\">Кратко о продвижении сайта</h1>\r\n\r\n            <div class=\"row section1\" style=\"/* background: #E6E6E6; */border-bottom: 1px solid #D4D4D4;padding-bottom: 30px;\">\r\n                <div class=\"span8\">\r\n                    \r\n                    <div class=\"block1\" style=\"min-height: 280px;\">\r\n                        <img src=\"https://proxy.imgsmail.ru/?h=qtQGWzIsu6mVUFAbc888wQ&amp;e=1394283841&amp;url717=bodyday.ru/static/themeBodyDay/images/seo.jpg\" style=\"float: left;margin-right: 20px;width:350px;\">\r\n                        <p style=\"/* float: left; */\">Мануальная терапия (от manus - рука) - метод лечения заболеваний опорно-двигательного аппарата с помощью непосредственного физического воздействия на тело пациента. В основе мануальной терапии лежат принципы остеопатии. Остеопатия - принцип лечения заболеваний, заключающийся в том, что из-за нарушения анатомии нарушается и функция больного органа. Что это значит?</p>\r\n                        <p>Каждый человек знает, что если сломать ногу, ходить он уже не сможет. Помочь может только физическое восстановление целостности кости. Никакие таблетки перелом не лечат. Допустим, у человека боли в спине из-за смещения позвонков относительно друг друга. Опять-таки, указанные нарушения нормального анатомического соотношения и строения невозможно излечить уколами или другими лекарствами. Единственно возможным способом является физическое воздействие на позвоночный столб в целом, и на смещённый сегмент в частности. Что и делает мануальный терапевт. С помощью точно рассчитанного физического усилия он устраняет смещение позвонков, восстанавливая нормальное их положение. Что это даёт?</p>\r\n                    </div>\r\n                </div>\r\n            </div>\r\n\r\n            <div class=\"line\"></div>\r\n\r\n            <div class=\"row section2 section\" style=\"background: #e7e8e3;overflow: hidden;border-bottom: 1px solid #D4D4D4;padding-bottom: 30px;\">\r\n                <div class=\"my_h2\" style=\"text-align:center;padding: 20px;margin-top: 20px;font-size: 17px;text-transform: uppercase;color: #484848;font-weight: 100;\">Как это происходит</div>\r\n                <div class=\"span4\" style=\"width: 25%;float: left;margin: 2%;padding: 2%;background: #FFFFFF;border-radius: 10px;border: 1px solid #CFCFCF;\">\r\n                    <div class=\"row\">\r\n                        <div class=\"span1\">\r\n                            <img src=\"https://proxy.imgsmail.ru/?h=Lbo7NuKDHGKb2NoPeZ3kVQ&amp;e=1394283841&amp;url717=bodyday.ru/static/themeBodyDay/images/1.png\" alt=\"\">\r\n                        </div>\r\n                        <div class=\"span3\">\r\n                            <h4>Возникновение проблемы</h4>\r\n                            <p>Известно, что при возникновении проблем с позвоночником организм пытается компенсировать патологию. Для этого в работу включается группа глубоких мышц спины и позвоночника. Однако на длительную работу они не рассчитаны. По этой причине мышцы быстро утомляются, спазмируются, что приводит к нарушению кровообращения и боли.</p>\r\n                        </div>\r\n                    </div>\r\n                </div>\r\n                <div class=\"span4\" style=\"width: 25%;float: left;margin: 2%;padding: 2%;background: #FFFFFF;border-radius: 10px;border: 1px solid #CFCFCF;\">\r\n                    <div class=\"row\">\r\n                        <div class=\"span1\">\r\n                            <img src=\"https://proxy.imgsmail.ru/?h=SmUGhSZ9mpot2siTWNOJPA&amp;e=1394283841&amp;url717=bodyday.ru/static/themeBodyDay/images/2.png\" alt=\"\">\r\n                        </div>\r\n                        <div class=\"span3\">\r\n                            <h4>Мануальная терапия</h4>\r\n                            <p>Мануальная терапия позвоночника быстро снимает этот спазм. Кроме этого, мануальная терапия улучшает кровообращение. Восстановление нормальных анатомических отношений позвоночного двигательного сегмента способствует правильному распределению нагрузки, что благоприятно сказывается на общем состоянии.</p>\r\n                        </div>\r\n                    </div>\r\n                </div>\r\n                <div class=\"span4\" style=\"width: 25%;float: left;margin: 2%;padding: 2%;background: #FFFFFF;border-radius: 10px;border: 1px solid #CFCFCF;\">\r\n                    <div class=\"row\">\r\n                        <div class=\"span1\">\r\n                            <img src=\"https://proxy.imgsmail.ru/?h=-T0BZb21zCrs-UXGkJyYqA&amp;e=1394283841&amp;url717=bodyday.ru/static/themeBodyDay/images/3.png\" alt=\"\">\r\n                        </div>\r\n                        <div class=\"span3\">\r\n                            <h4>Результат</h4>\r\n                            <p>В течени совсем короткого времени функции ваших органов восстановятся и ваша жизнь приобретет совершенно новое качество. Уже через 5 сеансов <strong>мануальной терапии</strong> большинство клиентов возвращаются к эффективной деятельности. Для поддержания этого результата необходимо вести активный образ жизни.</p>\r\n                        </div>\r\n                    </div>\r\n                </div>\r\n            </div>\r\n\r\n        </div>\r\n    </div>\r\n\r\n        \r\n    </div> \r\n\r\n    \r\n    \r\n\r\n\r\n    \r\n    <div class=\"container recomend\">\r\n        <div class=\"row\" style=\"/* background: #ECECEC; */\">\r\n            <div class=\"my_h2\" style=\"text-align:center;padding: 20px;margin-top: 20px;font-size: 17px;text-transform: uppercase;color: #484848;font-weight: 100;/* background: #ECECEC; */\">Некоторые рекомендации</div>\r\n            <div class=\"span4 section section2\">\r\n                <div class=\"row\">\r\n                    <div class=\"my_h2\">Доверие специалисту</div>\r\n                    <div class=\"span1\">\r\n                        <img src=\"http://bodyday.ru/static//themeBodyDay/images/ok.png\" alt=\"\">\r\n                    </div>\r\n                    <div class=\"span3\">\r\n                        <p>Мануальная терапия является физическим воздействием на тело. Если во время процедуры вы будете инстинктивно напрягаться, сопротивляться воздействию - эффективность будет ниже. Возможно травмирование. Целью процедуры не является \"выжимание\" из пациента только щелчков и хруста. Громкость их не является показателем успеха.</p>\r\n                    </div>\r\n                </div>\r\n            </div>\r\n            <div class=\"span4 section\">\r\n                <div class=\"row\">\r\n                    <div class=\"my_h2\">Двигайтесь</div>\r\n                    <div class=\"span1\">\r\n                        <img src=\"http://bodyday.ru/static//themeBodyDay/images/ok.png\" alt=\"\">\r\n                    </div>\r\n                    <div class=\"span3\">\r\n                        <p>Массаж, мануальная терапия, физиотерапия и ЛФК вместе - мощнейшее оружие против заболеваний опорно-двигательного аппарата. Но, если после полученного лечения вы будете продолжать вести малоподвижный образ жизни, нагружать позвоночник - эффект будет временный. Метод может привести позвоночный столб в порядок, но закрепить эффект может только пациент в результате простых упражнений.</p>\r\n                    </div>\r\n                </div>\r\n            </div>\r\n            <div class=\"span4 section\">\r\n                <div class=\"row\">\r\n                    <div class=\"my_h2\">Важен формат</div>\r\n                    <div class=\"span1\">\r\n                        <img src=\"http://bodyday.ru/static//themeBodyDay/images/ok.png\" alt=\"\">\r\n                    </div>\r\n                    <div class=\"span3\">\r\n                        <p>Лучше получать процедуры мануальной терапии на дому или другом удобном месте, что позволит после лечения немного отдохнуть, чтобы не сразу давать полную нагрузку на позвоночник. Особенно вредно для спины долго сидеть, так как при этом нагрузка на позвоночник может превышать 140% от той, что действует, когда человек просто стоит.</p>\r\n                    </div>\r\n                </div>\r\n            </div>\r\n        </div>\r\n    </div>\r\n\r\n\r\n    \r\n    <div id=\"scroll\" class=\"content2_vmoskve\">\r\n        <div class=\"container\">\r\n            <div class=\"row\">\r\n                <div class=\"span12 section\">\r\n                    <div class=\"my_h2\">Важно помнить!</div>\r\n                    <p>Если у пациента, к примеру, самые распространённые заболевания позвоночника - остеохондроз и межпозвоночная грыжа мануальная терапия с успехом справляется и с тем и с другим. Однако следует помнить, что любой метод лечения способен как помочь, вылечить заболевание, так и навредить, ухудшить состояние и усилить проявление симптомов. По этой причине нельзя доверять своё здоровье мало знакомым специалистам. Неправильное выполнение процедур мануальной терапии может нанести больше вреда, чем пользы. Поэтому мануальная терапия в Москве и других городах - очень популярная медицинская процедура, при условии выполнения ее квалифицированным медицинским работником.</p>\r\n                </div>\r\n            </div>\r\n        </div>\r\n    </div>\r\n\r\n\r\n    \r\n\r\n\r\n    \r\n    <div class=\"footer\">\r\n        <div class=\"container\">\r\n            <div class=\"row\">\r\n                <div class=\"span12\">\r\n                    <div class=\"row\">\r\n                        <div class=\"span9\">\r\n                        </div>\r\n                        <div class=\"span3\">\r\n                            <a href=\"http://forward70.ru\" target=\"_blank\">Создание сайтов Forward</a>\r\n                        </div>\r\n                    </div>\r\n                </div>\r\n            </div>\r\n        </div>\r\n    </div>\r\n\r\n\r\n\r\n</div>', 'greenteamer@bk.ru'), ('15', 'тест', '<div id=\"style_13940246260000000385_BODY\" class=\"js-readmsg-link-box\">new test\r\n\r\n<div style=\"background-color: #333333;padding: 20px;min-height: 70px;\">\r\n    <div style=\"color: #999999;float: left;height: 70px;\">\r\n        <div class=\"brand_right\" style=\"font-size: 30px;font-weight: 100;font-family: Helvetica Neue,Helvetica,Arial,sans-serif;\">\r\n            <a href=\"/\" target=\"_blank\" style=\"color: #fff;\">forward70.ru</a>\r\n            <div style=\"color: #999999;\">Создание и продвижение сайтов</div>\r\n        </div>\r\n    </div>\r\n    <div class=\"top_menu\">\r\n        <div style=\"color: #fff;text-align: right;padding: 5px 10px;margin-right: 10px;font-size: 25px;\">\r\n            <span>8-913-888-68-99</span>\r\n        </div>\r\n    </div>\r\n</div>\r\n\r\n<div style=\"background: #fff;border-bottom: 1px solid #D4D4D4;padding: 20px;\">\r\n    <div style=\"font-size: 35px;text-align: center;font-weight: 100;font-family: Helvetica Neue,Helvetica,Arial,sans-serif;\">Предложение по разработке и продвижению сайта</div>\r\n</div>\r\n    \r\n    <div class=\"container my_container\">\r\n        \r\n    <div class=\"row custom_page manual\">\r\n        <div class=\"span12\">\r\n            <h1 style=\"text-align:center;padding: 20px;margin-top: 10px;text-transform: uppercase;font-weight: 100;\">Кратко о продвижении сайта</h1>\r\n\r\n            <div class=\"row section1\" style=\"border-bottom: 1px solid #D4D4D4;padding-bottom: 30px;\">\r\n                <div class=\"span8\">\r\n                    \r\n                    <div class=\"block1\" style=\"min-height: 280px;\">\r\n                        <img src=\"https://proxy.imgsmail.ru/?h=qtQGWzIsu6mVUFAbc888wQ&amp;e=1394283841&amp;url717=bodyday.ru/static/themeBodyDay/images/seo.jpg\" style=\"float: left;margin-right: 20px;width:350px;\">\r\n                        <p>Мануальная терапия (от manus - рука) - метод лечения заболеваний опорно-двигательного аппарата с помощью непосредственного физического воздействия на тело пациента. В основе мануальной терапии лежат принципы остеопатии. Остеопатия - принцип лечения заболеваний, заключающийся в том, что из-за нарушения анатомии нарушается и функция больного органа. Что это значит?</p>\r\n                        <p>Каждый человек знает, что если сломать ногу, ходить он уже не сможет. Помочь может только физическое восстановление целостности кости. Никакие таблетки перелом не лечат. Допустим, у человека боли в спине из-за смещения позвонков относительно друг друга. Опять-таки, указанные нарушения нормального анатомического соотношения и строения невозможно излечить уколами или другими лекарствами. Единственно возможным способом является физическое воздействие на позвоночный столб в целом, и на смещённый сегмент в частности. Что и делает мануальный терапевт. С помощью точно рассчитанного физического усилия он устраняет смещение позвонков, восстанавливая нормальное их положение. Что это даёт?</p>\r\n                    </div>\r\n                </div>\r\n            </div>\r\n\r\n            <div class=\"line\"></div>\r\n\r\n            <div class=\"row section2 section\" style=\"background: #e7e8e3;overflow: hidden;border-bottom: 1px solid #D4D4D4;padding-bottom: 30px;\">\r\n                <div class=\"my_h2\" style=\"text-align:center;padding: 20px;margin-top: 20px;font-size: 17px;text-transform: uppercase;color: #484848;font-weight: 100;\">Как это происходит</div>\r\n                <div class=\"span4\" style=\"width: 25%;float: left;margin: 2%;padding: 2%;background: #FFFFFF;border-radius: 10px;border: 1px solid #CFCFCF;\">\r\n                    <div class=\"row\">\r\n                        <div class=\"span1\">\r\n                            <img src=\"https://proxy.imgsmail.ru/?h=Lbo7NuKDHGKb2NoPeZ3kVQ&amp;e=1394283841&amp;url717=bodyday.ru/static/themeBodyDay/images/1.png\" alt=\"\">\r\n                        </div>\r\n                        <div class=\"span3\">\r\n                            <h4>Возникновение проблемы</h4>\r\n                            <p>Известно, что при возникновении проблем с позвоночником организм пытается компенсировать патологию. Для этого в работу включается группа глубоких мышц спины и позвоночника. Однако на длительную работу они не рассчитаны. По этой причине мышцы быстро утомляются, спазмируются, что приводит к нарушению кровообращения и боли.</p>\r\n                        </div>\r\n                    </div>\r\n                </div>\r\n                <div class=\"span4\" style=\"width: 25%;float: left;margin: 2%;padding: 2%;background: #FFFFFF;border-radius: 10px;border: 1px solid #CFCFCF;\">\r\n                    <div class=\"row\">\r\n                        <div class=\"span1\">\r\n                            <img src=\"https://proxy.imgsmail.ru/?h=SmUGhSZ9mpot2siTWNOJPA&amp;e=1394283841&amp;url717=bodyday.ru/static/themeBodyDay/images/2.png\" alt=\"\">\r\n                        </div>\r\n                        <div class=\"span3\">\r\n                            <h4>Мануальная терапия</h4>\r\n                            <p>Мануальная терапия позвоночника быстро снимает этот спазм. Кроме этого, мануальная терапия улучшает кровообращение. Восстановление нормальных анатомических отношений позвоночного двигательного сегмента способствует правильному распределению нагрузки, что благоприятно сказывается на общем состоянии.</p>\r\n                        </div>\r\n                    </div>\r\n                </div>\r\n                <div class=\"span4\" style=\"width: 25%;float: left;margin: 2%;padding: 2%;background: #FFFFFF;border-radius: 10px;border: 1px solid #CFCFCF;\">\r\n                    <div class=\"row\">\r\n                        <div class=\"span1\">\r\n                            <img src=\"https://proxy.imgsmail.ru/?h=-T0BZb21zCrs-UXGkJyYqA&amp;e=1394283841&amp;url717=bodyday.ru/static/themeBodyDay/images/3.png\" alt=\"\">\r\n                        </div>\r\n                        <div class=\"span3\">\r\n                            <h4>Результат</h4>\r\n                            <p>В течени совсем короткого времени функции ваших органов восстановятся и ваша жизнь приобретет совершенно новое качество. Уже через 5 сеансов <strong>мануальной терапии</strong> большинство клиентов возвращаются к эффективной деятельности. Для поддержания этого результата необходимо вести активный образ жизни.</p>\r\n                        </div>\r\n                    </div>\r\n                </div>\r\n            </div>\r\n\r\n        </div>\r\n    </div>\r\n\r\n        \r\n    </div> \r\n\r\n    \r\n    \r\n\r\n\r\n    \r\n    <div class=\"container recomend\" style=\"width: 46%;\r\npadding: 2%;\">\r\n        <div class=\"row\" style=\"margin-bottom: 60px;\">\r\n            <div class=\"my_h2\" style=\"text-align:center;padding: 20px;margin-top: 20px;font-size: 17px;text-transform: uppercase;color: #484848;font-weight: 100;\">Адаптивная верстка</div>\r\n            <div class=\"span4 section section2\" style=\"overflow: hidden;\">\r\n                <div class=\"row\">\r\n                    <div class=\"my_h2\">Доверие специалисту</div>\r\n                    <div class=\"span1\">\r\n                        <img src=\"https://proxy.imgsmail.ru/?h=hnPbv8xT-7pEHwcsfHxoEg&amp;e=1394317412&amp;url717=bodyday.ru/static//themeBodyDay/images/ok.png\" alt=\"\" style=\"float: left;\r\nwidth: 50px;\r\nmargin-right: 10px;\">\r\n                    </div>\r\n                    <div class=\"span3\">\r\n                        <p>Мануальная терапия является физическим воздействием на тело. Если во время процедуры вы будете инстинктивно напрягаться, сопротивляться воздействию - эффективность будет ниже. Возможно травмирование. Целью процедуры не является \"выжимание\" из пациента только щелчков и хруста. Громкость их не является показателем успеха.</p>\r\n                    </div>\r\n                </div>\r\n            </div>\r\n            <div class=\"span4 section\" style=\"overflow: hidden;\">\r\n                <div class=\"row\">\r\n                    <div class=\"my_h2\">Двигайтесь</div>\r\n                    <div class=\"span1\">\r\n                        <img src=\"https://proxy.imgsmail.ru/?h=hnPbv8xT-7pEHwcsfHxoEg&amp;e=1394317412&amp;url717=bodyday.ru/static//themeBodyDay/images/ok.png\" alt=\"\" style=\"float: left;\r\nwidth: 50px;\r\nmargin-right: 10px;\">\r\n                    </div>\r\n                    <div class=\"span3\">\r\n                        <p>Массаж, мануальная терапия, физиотерапия и ЛФК вместе - мощнейшее оружие против заболеваний опорно-двигательного аппарата. Но, если после полученного лечения вы будете продолжать вести малоподвижный образ жизни, нагружать позвоночник - эффект будет временный. Метод может привести позвоночный столб в порядок, но закрепить эффект может только пациент в результате простых упражнений.</p>\r\n                    </div>\r\n                </div>\r\n            </div>\r\n            <div class=\"span4 section\" style=\"overflow: hidden;\">\r\n                <div class=\"row\">\r\n                    <div class=\"my_h2\">Важен формат</div>\r\n                    <div class=\"span1\">\r\n                        <img src=\"https://proxy.imgsmail.ru/?h=hnPbv8xT-7pEHwcsfHxoEg&amp;e=1394317412&amp;url717=bodyday.ru/static//themeBodyDay/images/ok.png\" alt=\"\" style=\"float: left;\r\nwidth: 50px;\r\nmargin-right: 10px;\">\r\n                    </div>\r\n                    <div class=\"span3\">\r\n                        <p>Лучше получать процедуры мануальной терапии на дому или другом удобном месте, что позволит после лечения немного отдохнуть, чтобы не сразу давать полную нагрузку на позвоночник. Особенно вредно для спины долго сидеть, так как при этом нагрузка на позвоночник может превышать 140% от той, что действует, когда человек просто стоит.</p>\r\n                    </div>\r\n                </div>\r\n            </div>\r\n        </div>\r\n    </div>\r\n\r\n\r\n    \r\n    <div id=\"scroll\" class=\"content2_vmoskve\">\r\n        <div class=\"container\">\r\n            <div class=\"row\">\r\n                <div class=\"span12 section\">\r\n                    <div class=\"my_h2\">Важно помнить!</div>\r\n                    <p>Если у пациента, к примеру, самые распространённые заболевания позвоночника - остеохондроз и межпозвоночная грыжа мануальная терапия с успехом справляется и с тем и с другим. Однако следует помнить, что любой метод лечения способен как помочь, вылечить заболевание, так и навредить, ухудшить состояние и усилить проявление симптомов. По этой причине нельзя доверять своё здоровье мало знакомым специалистам. Неправильное выполнение процедур мануальной терапии может нанести больше вреда, чем пользы. Поэтому мануальная терапия в Москве и других городах - очень популярная медицинская процедура, при условии выполнения ее квалифицированным медицинским работником.</p>\r\n                </div>\r\n            </div>\r\n        </div>\r\n    </div>\r\n\r\n\r\n    \r\n\r\n\r\n    \r\n    <div class=\"footer\">\r\n        <div class=\"container\">\r\n            <div class=\"row\">\r\n                <div class=\"span12\">\r\n                    <div class=\"row\">\r\n                        <div class=\"span9\">\r\n                        </div>\r\n                        <div class=\"span3\">\r\n                            <a href=\"http://forward70.ru\" target=\"_blank\">Создание сайтов Forward</a>\r\n                        </div>\r\n                    </div>\r\n                </div>\r\n            </div>\r\n        </div>\r\n    </div>\r\n\r\n\r\n\r\n</div>', 'greenteamer@bk.ru'), ('16', 'alkdjsfla', '<div id=\"style_13940246260000000385_BODY\" class=\"js-readmsg-link-box\">new test\r\n\r\n<div style=\"background-color: #333333;padding: 20px;min-height: 70px;\">\r\n    <div style=\"color: #999999;float: left;height: 70px;\">\r\n        <div class=\"brand_right\" style=\"font-size: 30px;font-weight: 100;font-family: Helvetica Neue,Helvetica,Arial,sans-serif;\">\r\n            <a href=\"/\" target=\"_blank\" style=\"color: #fff;\">forward70.ru</a>\r\n            <div style=\"color: #999999;\">Создание и продвижение сайтов</div>\r\n        </div>\r\n    </div>\r\n    <div class=\"top_menu\">\r\n        <div style=\"color: #fff;text-align: right;padding: 5px 10px;margin-right: 10px;font-size: 25px;\">\r\n            <span>8-913-888-68-99</span>\r\n        </div>\r\n    </div>\r\n</div>\r\n\r\n<div style=\"background: #fff;border-bottom: 1px solid #D4D4D4;padding: 20px;\">\r\n    <div style=\"font-size: 35px;text-align: center;font-weight: 100;font-family: Helvetica Neue,Helvetica,Arial,sans-serif;\">Предложение по разработке и продвижению сайта</div>\r\n</div>\r\n    \r\n<div class=\"container my_container\">\r\n    <div class=\"row custom_page manual\">\r\n        <div class=\"span12\">\r\n            <h1 style=\"text-align:center;padding: 20px;margin-top: 10px;text-transform: uppercase;font-weight: 100;\">Кратко о продвижении сайта</h1>\r\n            <div class=\"row section1\" style=\"border-bottom: 1px solid #D4D4D4;padding-bottom: 30px;\">\r\n                <div class=\"span8\">\r\n                    \r\n                    <div class=\"block1\" style=\"min-height: 280px;\">\r\n                        <img src=\"https://proxy.imgsmail.ru/?h=qtQGWzIsu6mVUFAbc888wQ&amp;e=1394283841&amp;url717=bodyday.ru/static/themeBodyDay/images/seo.jpg\" style=\"float: left;margin-right: 20px;width:350px;\">\r\n                        <p>Мануальная терапия (от manus - рука) - метод лечения заболеваний опорно-двигательного аппарата с помощью непосредственного физического воздействия на тело пациента. В основе мануальной терапии лежат принципы остеопатии. Остеопатия - принцип лечения заболеваний, заключающийся в том, что из-за нарушения анатомии нарушается и функция больного органа. Что это значит?</p>\r\n                        <p>Каждый человек знает, что если сломать ногу, ходить он уже не сможет. Помочь может только физическое восстановление целостности кости. Никакие таблетки перелом не лечат. Допустим, у человека боли в спине из-за смещения позвонков относительно друг друга. Опять-таки, указанные нарушения нормального анатомического соотношения и строения невозможно излечить уколами или другими лекарствами. Единственно возможным способом является физическое воздействие на позвоночный столб в целом, и на смещённый сегмент в частности. Что и делает мануальный терапевт. С помощью точно рассчитанного физического усилия он устраняет смещение позвонков, восстанавливая нормальное их положение. Что это даёт?</p>\r\n                    </div>\r\n                </div>\r\n            </div>\r\n\r\n            <div class=\"line\"></div>\r\n\r\n            <div class=\"row section2 section\" style=\"background: #e7e8e3;overflow: hidden;border-bottom: 1px solid #D4D4D4;padding-bottom: 30px;\">\r\n                <div class=\"my_h2\" style=\"text-align:center;padding: 20px;margin-top: 20px;font-size: 17px;text-transform: uppercase;color: #484848;font-weight: 100;\">Как это происходит</div>\r\n                <div class=\"span4\" style=\"width: 25%;float: left;margin: 2%;padding: 2%;background: #FFFFFF;border-radius: 10px;border: 1px solid #CFCFCF;\">\r\n                    <div class=\"row\">\r\n                        <div class=\"span1\">\r\n                            <img src=\"https://proxy.imgsmail.ru/?h=Lbo7NuKDHGKb2NoPeZ3kVQ&amp;e=1394283841&amp;url717=bodyday.ru/static/themeBodyDay/images/1.png\" alt=\"\">\r\n                        </div>\r\n                        <div class=\"span3\">\r\n                            <h4>Возникновение проблемы</h4>\r\n                            <p>Известно, что при возникновении проблем с позвоночником организм пытается компенсировать патологию. Для этого в работу включается группа глубоких мышц спины и позвоночника. Однако на длительную работу они не рассчитаны. По этой причине мышцы быстро утомляются, спазмируются, что приводит к нарушению кровообращения и боли.</p>\r\n                        </div>\r\n                    </div>\r\n                </div>\r\n                <div class=\"span4\" style=\"width: 25%;float: left;margin: 2%;padding: 2%;background: #FFFFFF;border-radius: 10px;border: 1px solid #CFCFCF;\">\r\n                    <div class=\"row\">\r\n                        <div class=\"span1\">\r\n                            <img src=\"https://proxy.imgsmail.ru/?h=SmUGhSZ9mpot2siTWNOJPA&amp;e=1394283841&amp;url717=bodyday.ru/static/themeBodyDay/images/2.png\" alt=\"\">\r\n                        </div>\r\n                        <div class=\"span3\">\r\n                            <h4>Мануальная терапия</h4>\r\n                            <p>Мануальная терапия позвоночника быстро снимает этот спазм. Кроме этого, мануальная терапия улучшает кровообращение. Восстановление нормальных анатомических отношений позвоночного двигательного сегмента способствует правильному распределению нагрузки, что благоприятно сказывается на общем состоянии.</p>\r\n                        </div>\r\n                    </div>\r\n                </div>\r\n                <div class=\"span4\" style=\"width: 25%;float: left;margin: 2%;padding: 2%;background: #FFFFFF;border-radius: 10px;border: 1px solid #CFCFCF;\">\r\n                    <div class=\"row\">\r\n                        <div class=\"span1\">\r\n                            <img src=\"https://proxy.imgsmail.ru/?h=-T0BZb21zCrs-UXGkJyYqA&amp;e=1394283841&amp;url717=bodyday.ru/static/themeBodyDay/images/3.png\" alt=\"\">\r\n                        </div>\r\n                        <div class=\"span3\">\r\n                            <h4>Результат</h4>\r\n                            <p>В течени совсем короткого времени функции ваших органов восстановятся и ваша жизнь приобретет совершенно новое качество. Уже через 5 сеансов <strong>мануальной терапии</strong> большинство клиентов возвращаются к эффективной деятельности. Для поддержания этого результата необходимо вести активный образ жизни.</p>\r\n                        </div>\r\n                    </div>\r\n                </div>\r\n            </div>\r\n\r\n        </div>\r\n    </div>\r\n\r\n</div> \r\n\r\n    \r\n    \r\n\r\n\r\n<div class=\"my_h2\" style=\"text-align:center;padding: 20px;margin-top: 20px;font-size: 17px;text-transform: uppercase;color: #484848;font-weight: 100;\">Адаптивная верстка</div>    \r\n    <div class=\"container recomend\" style=\"width: 60%;padding: 2%;floadt:left;\">\r\n        <div class=\"row\" style=\"margin-bottom: 60px;\">            \r\n            <div class=\"span4 section section2\" style=\"overflow: hidden;\">\r\n                <div class=\"row\">                    \r\n                    <div class=\"span1\">\r\n                        <img src=\"https://proxy.imgsmail.ru/?h=hnPbv8xT-7pEHwcsfHxoEg&amp;e=1394317412&amp;url717=bodyday.ru/static/themeBodyDay/images/ok.png\" alt=\"\" style=\"float: left;width: 50px;margin-right: 10px;\">\r\n                    </div>\r\n                    <div class=\"my_h2\">Доверие специалисту</div>\r\n                    <div class=\"span3\">\r\n                        <p>Мануальная терапия является физическим воздействием на тело. Если во время процедуры вы будете инстинктивно напрягаться, сопротивляться воздействию - эффективность будет ниже. Возможно травмирование. Целью процедуры не является \"выжимание\" из пациента только щелчков и хруста. Громкость их не является показателем успеха.</p>\r\n                    </div>\r\n                </div>\r\n            </div>\r\n            <div class=\"span4 section\" style=\"overflow: hidden;\">\r\n                <div class=\"row\">                    \r\n                    <div class=\"span1\">\r\n                        <img src=\"https://proxy.imgsmail.ru/?h=hnPbv8xT-7pEHwcsfHxoEg&amp;e=1394317412&amp;url717=bodyday.ru/static/themeBodyDay/images/ok.png\" alt=\"\" style=\"float: left;width: 50px;margin-right: 10px;\">\r\n                    </div>\r\n                    <div class=\"my_h2\">Двигайтесь</div>\r\n                    <div class=\"span3\">\r\n                        <p>Массаж, мануальная терапия, физиотерапия и ЛФК вместе - мощнейшее оружие против заболеваний опорно-двигательного аппарата. Но, если после полученного лечения вы будете продолжать вести малоподвижный образ жизни, нагружать позвоночник - эффект будет временный. Метод может привести позвоночный столб в порядок, но закрепить эффект может только пациент в результате простых упражнений.</p>\r\n                    </div>\r\n                </div>\r\n            </div>\r\n            <div class=\"span4 section\" style=\"overflow: hidden;\">\r\n                <div class=\"row\">                    \r\n                    <div class=\"span1\">\r\n                        <img src=\"https://proxy.imgsmail.ru/?h=hnPbv8xT-7pEHwcsfHxoEg&amp;e=1394317412&amp;url717=bodyday.ru/static/themeBodyDay/images/ok.png\" alt=\"\" style=\"float: left;width: 50px;margin-right: 10px;\">\r\n                    </div>\r\n                    <div class=\"my_h2\">Важен формат</div>\r\n                    <div class=\"span3\">\r\n                        <p>Лучше получать процедуры мануальной терапии на дому или другом удобном месте, что позволит после лечения немного отдохнуть, чтобы не сразу давать полную нагрузку на позвоночник. Особенно вредно для спины долго сидеть, так как при этом нагрузка на позвоночник может превышать 140% от той, что действует, когда человек просто стоит.</p>\r\n                    </div>\r\n                </div>\r\n            </div>\r\n        </div>\r\n    </div>\r\n\r\n<div style=\"width: 32%;padding: 2%;\">\r\n	<div style=\"background:#bbb;\">\r\n		<p>Верстка сайта с учетом всех основных эллементов концепции</p>\r\n		<div style=\"background: green;\"><a href=\"\">100500</a></div>\r\n		<p>Верстка дополнительных страниц согласно концепции</p>\r\n		<div style=\"background: green;\"><a href=\"\">1000</a></div>\r\n		<p>Верстка дополнительных эллементов концепции</p>\r\n		<div style=\"background: green;\"><a href=\"\">500</a></div>\r\n	</div>	\r\n</div>\r\n\r\n    \r\n    <div id=\"scroll\" class=\"content2_vmoskve\">\r\n        <div class=\"container\">\r\n            <div class=\"row\">\r\n                <div class=\"span12 section\">\r\n                    <div class=\"my_h2\">Важно помнить!</div>\r\n                    <p>Если у пациента, к примеру, самые распространённые заболевания позвоночника - остеохондроз и межпозвоночная грыжа мануальная терапия с успехом справляется и с тем и с другим.</p>\r\n                </div>\r\n            </div>\r\n        </div>\r\n    </div>\r\n\r\n\r\n    \r\n\r\n\r\n    \r\n    <div class=\"footer\">\r\n        <div class=\"container\">\r\n            <div class=\"row\">\r\n                <div class=\"span12\">\r\n                    <div class=\"row\">\r\n                        <div class=\"span9\">\r\n                        </div>\r\n                        <div class=\"span3\">\r\n                            <a href=\"http://forward70.ru\" target=\"_blank\">Создание сайтов Forward</a>\r\n                        </div>\r\n                    </div>\r\n                </div>\r\n            </div>\r\n        </div>\r\n    </div>\r\n\r\n\r\n\r\n</div>', 'greenteamer@bk.ru');
INSERT INTO `mail_mail` VALUES ('17', 'agfasdf', '<div id=\"style_13940246260000000385_BODY\" class=\"js-readmsg-link-box\">new test\r\n\r\n<div style=\"background-color: #333333;padding: 20px;min-height: 70px;\">\r\n    <div style=\"color: #999999;float: left;height: 70px;\">\r\n        <div class=\"brand_right\" style=\"font-size: 30px;font-weight: 100;font-family: Helvetica Neue,Helvetica,Arial,sans-serif;\">\r\n            <a href=\"/\" target=\"_blank\" style=\"color: #fff;\">forward70.ru</a>\r\n            <div style=\"color: #999999;\">Создание и продвижение сайтов</div>\r\n        </div>\r\n    </div>\r\n    <div class=\"top_menu\">\r\n        <div style=\"color: #fff;text-align: right;padding: 5px 10px;margin-right: 10px;font-size: 25px;\">\r\n            <span>8-913-888-68-99</span>\r\n        </div>\r\n    </div>\r\n</div>\r\n\r\n<div style=\"background: #fff;border-bottom: 1px solid #D4D4D4;padding: 20px;\">\r\n    <div style=\"font-size: 35px;text-align: center;font-weight: 100;font-family: Helvetica Neue,Helvetica,Arial,sans-serif;\">Предложение по разработке и продвижению сайта</div>\r\n</div>\r\n    \r\n<div class=\"container my_container\">\r\n    <div class=\"row custom_page manual\">\r\n        <div class=\"span12\">\r\n            <h1 style=\"text-align:center;padding: 20px;margin-top: 10px;text-transform: uppercase;font-weight: 100;\">Кратко о продвижении сайта</h1>\r\n            <div class=\"row section1\" style=\"border-bottom: 1px solid #D4D4D4;padding-bottom: 30px;\">\r\n                <div class=\"span8\">\r\n                    \r\n                    <div class=\"block1\" style=\"min-height: 280px;\">\r\n                        <img src=\"https://proxy.imgsmail.ru/?h=qtQGWzIsu6mVUFAbc888wQ&amp;e=1394283841&amp;url717=bodyday.ru/static/themeBodyDay/images/seo.jpg\" style=\"float: left;margin-right: 20px;width:350px;\">\r\n                        <p>Мануальная терапия (от manus - рука) - метод лечения заболеваний опорно-двигательного аппарата с помощью непосредственного физического воздействия на тело пациента. В основе мануальной терапии лежат принципы остеопатии. Остеопатия - принцип лечения заболеваний, заключающийся в том, что из-за нарушения анатомии нарушается и функция больного органа. Что это значит?</p>\r\n                        <p>Каждый человек знает, что если сломать ногу, ходить он уже не сможет. Помочь может только физическое восстановление целостности кости. Никакие таблетки перелом не лечат. Допустим, у человека боли в спине из-за смещения позвонков относительно друг друга. Опять-таки, указанные нарушения нормального анатомического соотношения и строения невозможно излечить уколами или другими лекарствами. Единственно возможным способом является физическое воздействие на позвоночный столб в целом, и на смещённый сегмент в частности. Что и делает мануальный терапевт. С помощью точно рассчитанного физического усилия он устраняет смещение позвонков, восстанавливая нормальное их положение. Что это даёт?</p>\r\n                    </div>\r\n                </div>\r\n            </div>\r\n\r\n            <div class=\"line\"></div>\r\n\r\n            <div class=\"row section2 section\" style=\"background: #e7e8e3;overflow: hidden;border-bottom: 1px solid #D4D4D4;padding-bottom: 30px;\">\r\n                <div class=\"my_h2\" style=\"text-align:center;padding: 20px;margin-top: 20px;font-size: 17px;text-transform: uppercase;color: #484848;font-weight: 100;\">Как это происходит</div>\r\n                <div class=\"span4\" style=\"width: 25%;float: left;margin: 2%;padding: 2%;background: #FFFFFF;border-radius: 10px;border: 1px solid #CFCFCF;\">\r\n                    <div class=\"row\">\r\n                        <div class=\"span1\">\r\n                            <img src=\"https://proxy.imgsmail.ru/?h=Lbo7NuKDHGKb2NoPeZ3kVQ&amp;e=1394283841&amp;url717=bodyday.ru/static/themeBodyDay/images/1.png\" alt=\"\">\r\n                        </div>\r\n                        <div class=\"span3\">\r\n                            <h4>Возникновение проблемы</h4>\r\n                            <p>Известно, что при возникновении проблем с позвоночником организм пытается компенсировать патологию. Для этого в работу включается группа глубоких мышц спины и позвоночника. Однако на длительную работу они не рассчитаны. По этой причине мышцы быстро утомляются, спазмируются, что приводит к нарушению кровообращения и боли.</p>\r\n                        </div>\r\n                    </div>\r\n                </div>\r\n                <div class=\"span4\" style=\"width: 25%;float: left;margin: 2%;padding: 2%;background: #FFFFFF;border-radius: 10px;border: 1px solid #CFCFCF;\">\r\n                    <div class=\"row\">\r\n                        <div class=\"span1\">\r\n                            <img src=\"https://proxy.imgsmail.ru/?h=SmUGhSZ9mpot2siTWNOJPA&amp;e=1394283841&amp;url717=bodyday.ru/static/themeBodyDay/images/2.png\" alt=\"\">\r\n                        </div>\r\n                        <div class=\"span3\">\r\n                            <h4>Мануальная терапия</h4>\r\n                            <p>Мануальная терапия позвоночника быстро снимает этот спазм. Кроме этого, мануальная терапия улучшает кровообращение. Восстановление нормальных анатомических отношений позвоночного двигательного сегмента способствует правильному распределению нагрузки, что благоприятно сказывается на общем состоянии.</p>\r\n                        </div>\r\n                    </div>\r\n                </div>\r\n                <div class=\"span4\" style=\"width: 25%;float: left;margin: 2%;padding: 2%;background: #FFFFFF;border-radius: 10px;border: 1px solid #CFCFCF;\">\r\n                    <div class=\"row\">\r\n                        <div class=\"span1\">\r\n                            <img src=\"https://proxy.imgsmail.ru/?h=-T0BZb21zCrs-UXGkJyYqA&amp;e=1394283841&amp;url717=bodyday.ru/static/themeBodyDay/images/3.png\" alt=\"\">\r\n                        </div>\r\n                        <div class=\"span3\">\r\n                            <h4>Результат</h4>\r\n                            <p>В течени совсем короткого времени функции ваших органов восстановятся и ваша жизнь приобретет совершенно новое качество. Уже через 5 сеансов <strong>мануальной терапии</strong> большинство клиентов возвращаются к эффективной деятельности. Для поддержания этого результата необходимо вести активный образ жизни.</p>\r\n                        </div>\r\n                    </div>\r\n                </div>\r\n            </div>\r\n\r\n        </div>\r\n    </div>\r\n\r\n</div> \r\n\r\n    \r\n    \r\n\r\n\r\n<div class=\"my_h2\" style=\"text-align: center;\r\npadding:40px 20px;\r\n/* margin-top: 20px; */\r\nfont-size: 17px;\r\ntext-transform: uppercase;\r\ncolor: #484848;\r\nfont-weight: 100;\">Адаптивная верстка</div>    \r\n    <div class=\"container recomend\" style=\"width: 60%;\r\npadding: 2%;\r\nfloat: left;\">\r\n        <div class=\"row\" style=\"margin-bottom: 60px;\">            \r\n            <div class=\"span4 section section2\" style=\"overflow: hidden;\">\r\n                <div class=\"row\">                    \r\n                    <div class=\"span1\">\r\n                        <img src=\"http://bodyday.ru/static/themeBodyDay/images/ok.png\" alt=\"\" style=\"float: left;width: 50px;margin-right: 10px;\">\r\n                    </div>\r\n                    <div class=\"my_h2\">Доверие специалисту</div>\r\n                    <div class=\"span3\">\r\n                        <p>Мануальная терапия является физическим воздействием на тело. Если во время процедуры вы будете инстинктивно напрягаться, сопротивляться воздействию - эффективность будет ниже. Возможно травмирование. Целью процедуры не является \"выжимание\" из пациента только щелчков и хруста. Громкость их не является показателем успеха.</p>\r\n                    </div>\r\n                </div>\r\n            </div>\r\n            <div class=\"span4 section\" style=\"overflow: hidden;\">\r\n                <div class=\"row\">                    \r\n                    <div class=\"span1\">\r\n                        <img src=\"http://bodyday.ru/static/themeBodyDay/images/ok.png\" alt=\"\" style=\"float: left;width: 50px;margin-right: 10px;\">\r\n                    </div>\r\n                    <div class=\"my_h2\">Двигайтесь</div>\r\n                    <div class=\"span3\">\r\n                        <p>Массаж, мануальная терапия, физиотерапия и ЛФК вместе - мощнейшее оружие против заболеваний опорно-двигательного аппарата. Но, если после полученного лечения вы будете продолжать вести малоподвижный образ жизни, нагружать позвоночник - эффект будет временный. Метод может привести позвоночный столб в порядок, но закрепить эффект может только пациент в результате простых упражнений.</p>\r\n                    </div>\r\n                </div>\r\n            </div>\r\n            <div class=\"span4 section\" style=\"overflow: hidden;\">\r\n                <div class=\"row\">                    \r\n                    <div class=\"span1\">\r\n                        <img src=\"http://bodyday.ru/static/themeBodyDay/images/ok.png\" alt=\"\" style=\"float: left;width: 50px;margin-right: 10px;\">\r\n                    </div>\r\n                    <div class=\"my_h2\">Важен формат</div>\r\n                    <div class=\"span3\">\r\n                        <p>Лучше получать процедуры мануальной терапии на дому или другом удобном месте, что позволит после лечения немного отдохнуть, чтобы не сразу давать полную нагрузку на позвоночник. Особенно вредно для спины долго сидеть, так как при этом нагрузка на позвоночник может превышать 140% от той, что действует, когда человек просто стоит.</p>\r\n                    </div>\r\n                </div>\r\n            </div>\r\n        </div>\r\n    </div>\r\n\r\n<div style=\"width: 32%;\r\npadding: 2%;\r\nfloat: left;\r\nbackground:#e7e8e3;\r\nborder-radius: 10px;\r\nborder: 1px solid #D7D7D7;\">\r\n    <div style=\"\">\r\n        <p style=\"float: left;\r\nwidth:70%;\">Верстка сайта с учетом всех основных эллементов концепции</p>\r\n        <div style=\"\r\ntext-align: right;\r\npadding: 10px;\r\n\r\n\"><a href=\"\" target=\"_blank\" style=\"padding: 10px 20px;\r\nbackground: #25C683;\r\ncolor: #fff;\r\nborder-radius: 3px;\r\ntext-decoration: none;\">100500</a></div>\r\n        <p>Верстка дополнительных страниц согласно концепции</p>\r\n        <div style=\"text-align: right;\r\npadding: 10px;\"><a href=\"\" target=\"_blank\" style=\"padding: 10px 20px;\r\nbackground: #25C683;\r\ncolor: #fff;\r\nborder-radius: 3px;\r\ntext-decoration: none;\">1000</a></div>\r\n        <p>Верстка дополнительных эллементов концепции</p>\r\n        <div style=\"text-align: right;\r\npadding: 10px;\"><a href=\"\" target=\"_blank\" style=\"padding: 10px 20px;\r\nbackground: #25C683;\r\ncolor: #fff;\r\nborder-radius: 3px;\r\ntext-decoration: none;\">500</a></div>\r\n    </div>  \r\n</div>\r\n\r\n    \r\n    \r\n\r\n\r\n    \r\n\r\n\r\n    \r\n    <div class=\"footer\">\r\n        <div class=\"container\">\r\n            <div class=\"row\">\r\n                <div class=\"span12\">\r\n                    <div class=\"row\">\r\n                        <div class=\"span9\">\r\n                        </div>\r\n                        <div class=\"span3\">\r\n                            <a href=\"http://forward70.ru\" target=\"_blank\">Создание сайтов Forward</a>\r\n                        </div>\r\n                    </div>\r\n                </div>\r\n            </div>\r\n        </div>\r\n    </div>\r\n\r\n\r\n\r\n</div>', 'greenteamer@bk.ru'), ('18', 'adfkh', '<div id=\"style_13940246260000000385_BODY\" class=\"js-readmsg-link-box\">new test\r\n\r\n<div style=\"background-color: #333333;padding: 20px;min-height: 70px;\">\r\n    <div style=\"color: #999999;float: left;height: 70px;\">\r\n        <div class=\"brand_right\" style=\"font-size: 30px;font-weight: 100;font-family: Helvetica Neue,Helvetica,Arial,sans-serif;\">\r\n            <a href=\"/\" target=\"_blank\" style=\"color: #fff;\">forward70.ru</a>\r\n            <div style=\"color: #999999;\">Создание и продвижение сайтов</div>\r\n        </div>\r\n    </div>\r\n    <div class=\"top_menu\">\r\n        <div style=\"color: #fff;text-align: right;padding: 5px 10px;margin-right: 10px;font-size: 25px;\">\r\n            <span>8-913-888-68-99</span>\r\n        </div>\r\n    </div>\r\n</div>\r\n\r\n<div style=\"background: #fff;border-bottom: 1px solid #D4D4D4;padding: 20px;\">\r\n    <div style=\"font-size: 35px;text-align: center;font-weight: 100;font-family: Helvetica Neue,Helvetica,Arial,sans-serif;\">Предложение по разработке и продвижению сайта</div>\r\n</div>\r\n    \r\n<div class=\"container my_container\">\r\n    <div class=\"row custom_page manual\">\r\n        <div class=\"span12\">\r\n            <h1 style=\"text-align:center;padding: 20px;margin-top: 10px;text-transform: uppercase;font-weight: 100;\">Кратко о продвижении сайта</h1>\r\n            <div class=\"row section1\" style=\"border-bottom: 1px solid #D4D4D4;padding-bottom: 30px;\">\r\n                <div class=\"span8\">\r\n                    \r\n                    <div class=\"block1\" style=\"min-height: 280px;\">\r\n                        <img src=\"https://proxy.imgsmail.ru/?h=qtQGWzIsu6mVUFAbc888wQ&amp;e=1394283841&amp;url717=bodyday.ru/static/themeBodyDay/images/seo.jpg\" style=\"float: left;margin-right: 20px;width:350px;\">\r\n                        <p>Мануальная терапия (от manus - рука) - метод лечения заболеваний опорно-двигательного аппарата с помощью непосредственного физического воздействия на тело пациента. В основе мануальной терапии лежат принципы остеопатии. Остеопатия - принцип лечения заболеваний, заключающийся в том, что из-за нарушения анатомии нарушается и функция больного органа. Что это значит?</p>\r\n                        <p>Каждый человек знает, что если сломать ногу, ходить он уже не сможет. Помочь может только физическое восстановление целостности кости. Никакие таблетки перелом не лечат. Допустим, у человека боли в спине из-за смещения позвонков относительно друг друга. Опять-таки, указанные нарушения нормального анатомического соотношения и строения невозможно излечить уколами или другими лекарствами. Единственно возможным способом является физическое воздействие на позвоночный столб в целом, и на смещённый сегмент в частности. Что и делает мануальный терапевт. С помощью точно рассчитанного физического усилия он устраняет смещение позвонков, восстанавливая нормальное их положение. Что это даёт?</p>\r\n                    </div>\r\n                </div>\r\n            </div>\r\n\r\n            <div class=\"line\"></div>\r\n\r\n            <div class=\"row section2 section\" style=\"background: #e7e8e3;overflow: hidden;border-bottom: 1px solid #D4D4D4;padding-bottom: 30px;\">\r\n                <div class=\"my_h2\" style=\"text-align:center;padding: 20px;margin-top: 20px;font-size: 17px;text-transform: uppercase;color: #484848;font-weight: 100;\">Как это происходит</div>\r\n                <div class=\"span4\" style=\"width: 25%;float: left;margin: 2%;padding: 2%;background: #FFFFFF;border-radius: 10px;border: 1px solid #CFCFCF;\">\r\n                    <div class=\"row\">\r\n                        <div class=\"span1\">\r\n                            <img src=\"https://proxy.imgsmail.ru/?h=Lbo7NuKDHGKb2NoPeZ3kVQ&amp;e=1394283841&amp;url717=bodyday.ru/static/themeBodyDay/images/1.png\" alt=\"\">\r\n                        </div>\r\n                        <div class=\"span3\">\r\n                            <h4>Возникновение проблемы</h4>\r\n                            <p>Известно, что при возникновении проблем с позвоночником организм пытается компенсировать патологию. Для этого в работу включается группа глубоких мышц спины и позвоночника. Однако на длительную работу они не рассчитаны. По этой причине мышцы быстро утомляются, спазмируются, что приводит к нарушению кровообращения и боли.</p>\r\n                        </div>\r\n                    </div>\r\n                </div>\r\n                <div class=\"span4\" style=\"width: 25%;float: left;margin: 2%;padding: 2%;background: #FFFFFF;border-radius: 10px;border: 1px solid #CFCFCF;\">\r\n                    <div class=\"row\">\r\n                        <div class=\"span1\">\r\n                            <img src=\"https://proxy.imgsmail.ru/?h=SmUGhSZ9mpot2siTWNOJPA&amp;e=1394283841&amp;url717=bodyday.ru/static/themeBodyDay/images/2.png\" alt=\"\">\r\n                        </div>\r\n                        <div class=\"span3\">\r\n                            <h4>Мануальная терапия</h4>\r\n                            <p>Мануальная терапия позвоночника быстро снимает этот спазм. Кроме этого, мануальная терапия улучшает кровообращение. Восстановление нормальных анатомических отношений позвоночного двигательного сегмента способствует правильному распределению нагрузки, что благоприятно сказывается на общем состоянии.</p>\r\n                        </div>\r\n                    </div>\r\n                </div>\r\n                <div class=\"span4\" style=\"width: 25%;float: left;margin: 2%;padding: 2%;background: #FFFFFF;border-radius: 10px;border: 1px solid #CFCFCF;\">\r\n                    <div class=\"row\">\r\n                        <div class=\"span1\">\r\n                            <img src=\"https://proxy.imgsmail.ru/?h=-T0BZb21zCrs-UXGkJyYqA&amp;e=1394283841&amp;url717=bodyday.ru/static/themeBodyDay/images/3.png\" alt=\"\">\r\n                        </div>\r\n                        <div class=\"span3\">\r\n                            <h4>Результат</h4>\r\n                            <p>В течени совсем короткого времени функции ваших органов восстановятся и ваша жизнь приобретет совершенно новое качество. Уже через 5 сеансов <strong>мануальной терапии</strong> большинство клиентов возвращаются к эффективной деятельности. Для поддержания этого результата необходимо вести активный образ жизни.</p>\r\n                        </div>\r\n                    </div>\r\n                </div>\r\n            </div>\r\n\r\n        </div>\r\n    </div>\r\n\r\n</div> \r\n\r\n<div class=\"my_h2\" style=\"text-align: center;padding:40px 20px;/* margin-top: 20px; */font-size: 17px;text-transform: uppercase;color: #484848;font-weight: 100;\">Адаптивная верстка</div>    \r\n    <div class=\"container recomend\" style=\"width: 60%;padding: 2%;float: left;\">\r\n        <div class=\"row\" style=\"margin-bottom: 60px;\">            \r\n            <div class=\"span4 section section2\" style=\"overflow: hidden;\">\r\n                <div class=\"row\">                    \r\n                    <div class=\"span1\">\r\n                        <img src=\"http://bodyday.ru/static/themeBodyDay/images/ok.png\" alt=\"\" style=\"float: left;width: 50px;margin-right: 10px;\">\r\n                    </div>\r\n                    <div class=\"my_h2\">Доверие специалисту</div>\r\n                    <div class=\"span3\">\r\n                        <p>Мануальная терапия является физическим воздействием на тело. Если во время процедуры вы будете инстинктивно напрягаться, сопротивляться воздействию - эффективность будет ниже. Возможно травмирование. Целью процедуры не является \"выжимание\" из пациента только щелчков и хруста. Громкость их не является показателем успеха.</p>\r\n                    </div>\r\n                </div>\r\n            </div>\r\n            <div class=\"span4 section\" style=\"overflow: hidden;\">\r\n                <div class=\"row\">                    \r\n                    <div class=\"span1\">\r\n                        <img src=\"http://bodyday.ru/static/themeBodyDay/images/ok.png\" alt=\"\" style=\"float: left;width: 50px;margin-right: 10px;\">\r\n                    </div>\r\n                    <div class=\"my_h2\">Двигайтесь</div>\r\n                    <div class=\"span3\">\r\n                        <p>Массаж, мануальная терапия, физиотерапия и ЛФК вместе - мощнейшее оружие против заболеваний опорно-двигательного аппарата. Но, если после полученного лечения вы будете продолжать вести малоподвижный образ жизни, нагружать позвоночник - эффект будет временный. Метод может привести позвоночный столб в порядок, но закрепить эффект может только пациент в результате простых упражнений.</p>\r\n                    </div>\r\n                </div>\r\n            </div>\r\n            <div class=\"span4 section\" style=\"overflow: hidden;\">\r\n                <div class=\"row\">                    \r\n                    <div class=\"span1\">\r\n                        <img src=\"http://bodyday.ru/static/themeBodyDay/images/ok.png\" alt=\"\" style=\"float: left;width: 50px;margin-right: 10px;\">\r\n                    </div>\r\n                    <div class=\"my_h2\">Важен формат</div>\r\n                    <div class=\"span3\">\r\n                        <p>Лучше получать процедуры мануальной терапии на дому или другом удобном месте, что позволит после лечения немного отдохнуть, чтобы не сразу давать полную нагрузку на позвоночник. Особенно вредно для спины долго сидеть, так как при этом нагрузка на позвоночник может превышать 140% от той, что действует, когда человек просто стоит.</p>\r\n                    </div>\r\n                </div>\r\n            </div>\r\n        </div>\r\n    </div>\r\n\r\n<div style=\"width: 32%;padding: 2%;float: left;background:#e7e8e3;border-radius: 10px;border: 1px solid #D7D7D7;\">\r\n    <div style=\"\">\r\n        <div>\r\n            <p style=\"float: left;width:70%;\">Верстка сайта с учетом всех основных эллементов концепции</p>\r\n            <div style=\"text-align: right;padding: 10px;\"><a href=\"\" target=\"_blank\" style=\"padding: 10px 20px;background: #25C683;color: #fff;border-radius: 3px;text-decoration: none;\">100500</a></div>\r\n        </div>\r\n        <div>\r\n            <p>Верстка дополнительных страниц согласно концепции</p>\r\n            <div style=\"text-align: right;padding: 10px;\"><a href=\"\" target=\"_blank\" style=\"padding: 10px 20px;background: #25C683;color: #fff;border-radius: 3px;text-decoration: none;\">1000</a></div>\r\n        </div>\r\n        <div>\r\n            <p>Верстка дополнительных эллементов концепции</p>\r\n            <div style=\"text-align: right;padding: 10px;\"><a href=\"\" target=\"_blank\" style=\"padding: 10px 20px;background: #25C683;color: #fff;border-radius: 3px;text-decoration: none;\">500</a></div>\r\n        </div>        \r\n    </div>  \r\n</div>\r\n\r\n    <div class=\"footer\">\r\n        <div class=\"container\">\r\n            <div class=\"row\">\r\n                <div class=\"span12\">\r\n                    <div class=\"row\">\r\n                        <div class=\"span9\">\r\n                        </div>\r\n                        <div class=\"span3\">\r\n                            <a href=\"http://forward70.ru\" target=\"_blank\">Создание сайтов Forward</a>\r\n                        </div>\r\n                    </div>\r\n                </div>\r\n            </div>\r\n        </div>\r\n    </div>\r\n\r\n</div>', 'greenteamer@bk.ru'), ('19', 'фвфва', '<div id=\"style_13940246260000000385_BODY\" class=\"js-readmsg-link-box\">new test\r\n\r\n<div style=\"background-color: #333333;padding: 20px;min-height: 70px;\">\r\n    <div style=\"color: #999999;float: left;height: 70px;\">\r\n        <div class=\"brand_right\" style=\"font-size: 30px;font-weight: 100;font-family: Helvetica Neue,Helvetica,Arial,sans-serif;\">\r\n            <a href=\"/\" target=\"_blank\" style=\"color: #fff;\">forward70.ru</a>\r\n            <div style=\"color: #999999;\">Создание и продвижение сайтов</div>\r\n        </div>\r\n    </div>\r\n    <div class=\"top_menu\">\r\n        <div style=\"color: #fff;text-align: right;padding: 5px 10px;margin-right: 10px;font-size: 25px;\">\r\n            <span>8-913-888-68-99</span>\r\n        </div>\r\n    </div>\r\n</div>\r\n\r\n<div style=\"background: #fff;border-bottom: 1px solid #D4D4D4;padding: 20px;\">\r\n    <div style=\"font-size: 35px;text-align: center;font-weight: 100;font-family: Helvetica Neue,Helvetica,Arial,sans-serif;\">Предложение по разработке и продвижению сайта</div>\r\n</div>\r\n    \r\n<div class=\"container my_container\">\r\n    <div class=\"row custom_page manual\">\r\n        <div class=\"span12\">\r\n            <h1 style=\"text-align:center;padding: 20px;margin-top: 10px;text-transform: uppercase;font-weight: 100;\">Кратко о продвижении сайта</h1>\r\n            <div class=\"row section1\" style=\"border-bottom: 1px solid #D4D4D4;padding-bottom: 30px;\">\r\n                <div class=\"span8\">\r\n                    \r\n                    <div class=\"block1\" style=\"min-height: 280px;\">\r\n                        <img src=\"https://proxy.imgsmail.ru/?h=qtQGWzIsu6mVUFAbc888wQ&amp;e=1394283841&amp;url717=bodyday.ru/static/themeBodyDay/images/seo.jpg\" style=\"float: left;margin-right: 20px;width:350px;\">\r\n                        \r\n                        <p>Если в недавнем прошлом интернет использовался преимущественно для поиска информации, то сегодня ситуация сильно изменилась. Постоянное увеличение числа интернет-пользователей, новые технологии (коммуникация с целевой аудиторией с помощью сайта, системы оплаты через интернет, возможность заказа on-line и т.д.) и многие другие факторы превратили интернет и в мощнейший маркетинговый инструмент и в место для продаж одновременно. Например, бум интернет-магазинов определенно свидетельствует о том, что умело используемые интернет-технологии приносят стабильную прибыль владельцам сайтов. Интернет-продвижение может быть эффективно для ВСЕХ компаний, потенциальная аудитория которых ищет подобные товары или услуги в интернете. Согласно статистике, численность интернет-пользователей растет с каждым годом, сегодня уже более трети россиян пользуются интернетом. Причем именно эта аудитория очень привлекательна для бизнеса, т.к. она обладает высокой платежеспособностью. Задумайтесь, тысячи, а, возможно, десятки и сотни тысяч людей ежедневно ищут Ваши товары, а находят товары конкурентов! И все потому, что более расторопные конкуренты уже заняли самые лучшие места в выдаче поисковых систем. Вы тоже можете занять эти «места под солнцем» - для этого нужно начать поисковую оптимизацию сайта.</p>\r\n                    </div>\r\n                </div>\r\n            </div>\r\n\r\n            <div class=\"line\"></div>\r\n\r\n            <div class=\"row section2 section\" style=\"background: #e7e8e3;\r\noverflow: hidden;\r\nborder-bottom: 1px solid #D4D4D4;\r\npadding: 30px 0;\">\r\n                \r\n                <div class=\"span4\" style=\"width: 25%;\r\nmin-height: 300px;\r\nfloat: left;\r\nmargin:70px 2%;\r\npadding: 2%;\r\nbackground: #FFFFFF;\r\nborder-radius: 10px;\r\nborder: 1px solid #CFCFCF;\">\r\n                    <div class=\"row\">\r\n                        <div class=\"span1\">\r\n                            <img src=\"https://proxy.imgsmail.ru/?h=Lbo7NuKDHGKb2NoPeZ3kVQ&amp;e=1394283841&amp;url717=bodyday.ru/static/themeBodyDay/images/1.png\" alt=\"\">\r\n                        </div>\r\n                        <div class=\"span3\">\r\n                            <h4>Минимальное продвижение</h4>\r\n                            <p>Минимальный пакет по продвижению сайтов подразумевает работу над программным кодом сайта приведению сайта к стандартам и правилам поисковых систем с целью улучшения и облегчения продвижения сайта в поисковых системах.</p>\r\n                            <p>40 т.р.</p>\r\n                        </div>\r\n                    </div>\r\n                </div>\r\n                <div class=\"span4\" style=\"width: 25%;\r\nfloat: left;\r\nmin-height: 350px;\r\nmargin:50px 2%;\r\npadding: 2%;\r\nbackground: #FFFFFF;\r\nborder-radius: 10px;\r\nborder: 1px solid #CFCFCF;\">\r\n                    <div class=\"row\">\r\n                        <div class=\"span1\">\r\n                            <img src=\"https://proxy.imgsmail.ru/?h=SmUGhSZ9mpot2siTWNOJPA&amp;e=1394283841&amp;url717=bodyday.ru/static/themeBodyDay/images/2.png\" alt=\"\">\r\n                        </div>\r\n                        <div class=\"span3\">\r\n                            <h4>Стандарт</h4>\r\n                            <p>При стандартном пакете ставится задача оптимизации программного кода сайта, консультации и работа над концепцией дизайна для увеличения конверсии сайта, корректировка дизайна и верстки сайта согласно юзабилити, настройка контента сайта согласно ключевым словам и выведение сайта в топ по оговоренным позициям.</p>\r\n                            <p>23 т.р./мес</p>\r\n                        </div>\r\n                    </div>\r\n                </div>\r\n                <div class=\"span4\" style=\"width: 25%;\r\nmin-height: 400px;\r\nfloat: left;\r\nmargin: 2%;\r\npadding: 2%;\r\nbackground: #FFFFFF;\r\nborder-radius: 10px;\r\nborder: 1px solid #CFCFCF;\">\r\n                    <div class=\"row\">\r\n                        <div class=\"span1\">\r\n                            <img src=\"https://proxy.imgsmail.ru/?h=-T0BZb21zCrs-UXGkJyYqA&amp;e=1394283841&amp;url717=bodyday.ru/static/themeBodyDay/images/3.png\" alt=\"\">\r\n                        </div>\r\n                        <div class=\"span3\">\r\n                            <h4>Полный пакет</h4>\r\n                            <p>Настройка программного кода сайта, работа над дизайном и версткой с точки зрения повышения конверсии, анализ пользования сайтом и работа над инфографикой сайта, консультации и координация действий с дизайнером и программистом, вывод сайта в топ поисковых систем по ключевым запросам, статистика, отчеты, корректировки и редизайн согласно карте пользования сайтом, ведение яндекс директ рекламы, настройка и выявление необходимых тригерров и повышение эффективности рекламы.</p>\r\n                            <p>30 т.р./мес</p>\r\n                        </div>\r\n                    </div>\r\n                </div>\r\n            </div>\r\n\r\n        </div>\r\n    </div>\r\n\r\n</div> \r\n\r\n<div class=\"my_h2\" style=\"text-align: center;padding:40px 20px;font-size: 17px;text-transform: uppercase;color: #484848;font-weight: 100;\">Адаптивная верстка</div>    \r\n    <div class=\"container recomend\" style=\"width: 60%;padding: 2%;float: left;\">\r\n        <div class=\"row\" style=\"margin-bottom: 60px;\">            \r\n            <div class=\"span4 section section2\" style=\"overflow: hidden;\r\nmargin-bottom: 20px;\">\r\n                <div class=\"row\">                    \r\n                    <div class=\"span1\">\r\n                        <img src=\"https://proxy.imgsmail.ru/?h=9y8JGwWM5K5atQQgk461zQ&amp;e=1394534420&amp;url717=bodyday.ru/static/themeBodyDay/images/ok.png\" alt=\"\" style=\"float: left;width: 50px;margin-right: 10px;\">\r\n                    </div>\r\n                    <div class=\"my_h2\" style=\"font-size: 20px;\">Сокращение времени разработки</div>\r\n                    <div class=\"span3\">\r\n                        <p>Верстка сайта согласно адаптивной технологии по принципу фиксированного позиционирования эллементов страницы позволяет сократить время верстки, минимум, на 40%. При этом на всех вариантах разрешений экранов и на мобильных телефонах редактируется отображение эллементов страницы.</p>\r\n                    </div>\r\n                </div>\r\n            </div>\r\n            <div class=\"span4 section\" style=\"overflow: hidden;\r\nmargin-bottom: 20px;\">\r\n                <div class=\"row\">                    \r\n                    <div class=\"span1\">\r\n                        <img src=\"https://proxy.imgsmail.ru/?h=9y8JGwWM5K5atQQgk461zQ&amp;e=1394534420&amp;url717=bodyday.ru/static/themeBodyDay/images/ok.png\" alt=\"\" style=\"float: left;width: 50px;margin-right: 10px;\">\r\n                    </div>\r\n                    <div class=\"my_h2\" style=\"font-size: 20px;\">Использование готовых технологий</div>\r\n                    <div class=\"span3\">\r\n                        <p>Для качественной и быстрой разработки сайта годного для использования на любых устройствах целесообразно применение фреймворка, позволяющего более качественно решать задачи верстки сайта и применять широкое количество готовых решений.</p>\r\n                    </div>\r\n                </div>\r\n            </div>\r\n            <div class=\"span4 section\" style=\"overflow: hidden;\r\nmargin-bottom: 20px;\">\r\n                <div class=\"row\">                    \r\n                    <div class=\"span1\">\r\n                        <img src=\"https://proxy.imgsmail.ru/?h=9y8JGwWM5K5atQQgk461zQ&amp;e=1394534420&amp;url717=bodyday.ru/static/themeBodyDay/images/ok.png\" alt=\"\" style=\"float: left;width: 50px;margin-right: 10px;\">\r\n                    </div>\r\n                    <div class=\"my_h2\" style=\"font-size: 20px;\">Преимущества относительно \"резиновой\" верстки</div>\r\n                    <div class=\"span3\">\r\n                        <p>В отличие от сайтов с резиновым макетом, сайты с фиксированной шириной не меняются в зависимости от разрешения. Такие сайты являются более «чёткими», но самая главная их проблема в том, что на широких мониторах образуется много свободного пространства, что затрудняет работу с сайтом.</p>\r\n                    </div>\r\n                </div>\r\n            </div>\r\n        </div>\r\n    </div>\r\n\r\n<div >\r\n    <div style=\"width: 32%;padding: 2%;margin-top: 25px;float: left;background: #e7e8e3;border-radius: 10px;border: 1px solid #D7D7D7;\">\r\n        <div style=\"overflow: hidden;padding: 10px 0px;\">\r\n            <p style=\"float: left;width: 70%;margin: 0;\">Верстка сайта с учетом всех основных эллементов концепции</p>\r\n            <div style=\"text-align: right;padding: 10px;\"><a style=\"padding: 10px 20px;background: #25C683;color: #fff;border-radius: 3px;text-decoration: none;\" name=\"\">100500</a></div>\r\n        </div>\r\n    </div>\r\n    <div style=\"width: 32%;padding: 2%;margin-top: 25px;float: left;background: #e7e8e3;border-radius: 10px;border: 1px solid #D7D7D7;\">\r\n        <div style=\"overflow: hidden;padding: 10px 0px;\">\r\n            <p style=\"float: left;width: 70%;margin: 0;\">Верстка дополнительных страниц согласно концепции</p>\r\n            <div style=\"text-align: right;padding: 10px;\"><a href=\"\" target=\"_blank\" style=\"padding: 10px 20px;background: #25C683;color: #fff;border-radius: 3px;text-decoration: none;\">1000</a></div>\r\n        </div>\r\n    </div>\r\n    <div style=\"width: 32%;padding: 2%;margin-top: 25px;float: left;background: #e7e8e3;border-radius: 10px;border: 1px solid #D7D7D7;\">\r\n        <div style=\"overflow: hidden;padding: 10px 0px;\">\r\n            <p style=\"float: left;width: 70%;margin: 0;\">Верстка дополнительных эллементов концепции</p>\r\n            <div style=\"text-align: right;padding: 10px;\"><a href=\"\" target=\"_blank\" style=\"padding: 10px 20px;background: #25C683;color: #fff;border-radius: 3px;text-decoration: none;\">500</a></div>\r\n        </div>        \r\n    </div>  \r\n</div>\r\n\r\n    <div class=\"footer\">\r\n        <div class=\"container\">\r\n            <div class=\"row\">\r\n                <div class=\"span12\">\r\n                    <div class=\"row\">\r\n                        <div class=\"span9\">\r\n                        </div>\r\n                        <div class=\"span3\">\r\n                            <a href=\"http://forward70.ru\" target=\"_blank\">Создание сайтов Forward</a>\r\n                        </div>\r\n                    </div>\r\n                </div>\r\n            </div>\r\n        </div>\r\n    </div>\r\n\r\n</div>', 'greenteamer@bk.ru'), ('20', 'adsfafd', '<div id=\"style_13940246260000000385_BODY\" class=\"js-readmsg-link-box\">new test\r\n\r\n<div style=\"background-color: #333333;padding: 20px;min-height: 70px;\">\r\n    <div style=\"color: #999999;float: left;height: 70px;\">\r\n        <div class=\"brand_right\" style=\"font-size: 30px;font-weight: 100;font-family: Helvetica Neue,Helvetica,Arial,sans-serif;\">\r\n            <a href=\"/\" target=\"_blank\" style=\"color: #fff;\">forward70.ru</a>\r\n            <div style=\"color: #999999;\">Создание и продвижение сайтов</div>\r\n        </div>\r\n    </div>\r\n    <div class=\"top_menu\">\r\n        <div style=\"color: #fff;text-align: right;padding: 5px 10px;margin-right: 10px;font-size: 25px;\">\r\n            <span>8-913-888-68-99</span>\r\n        </div>\r\n    </div>\r\n</div>\r\n\r\n<div style=\"background: #fff;border-bottom: 1px solid #D4D4D4;padding: 20px;\">\r\n    <div style=\"font-size: 35px;text-align: center;font-weight: 100;font-family: Helvetica Neue,Helvetica,Arial,sans-serif;\">Предложение по разработке и продвижению сайта</div>\r\n</div>\r\n    \r\n<div class=\"container my_container\">\r\n    <div class=\"row custom_page manual\">\r\n        <div class=\"span12\">\r\n            <h1 style=\"text-align:center;padding: 20px;margin-top: 10px;text-transform: uppercase;font-weight: 100;\">Кратко о продвижении сайта</h1>\r\n            <div class=\"row section1\" style=\"border-bottom: 1px solid #D4D4D4;padding-bottom: 30px;\">\r\n                <div class=\"span8\">\r\n                    \r\n                    <div class=\"block1\" style=\"min-height: 280px;\">\r\n                        <img src=\"http://bodyday.ru/static/themeBodyDay/images/seo.jpg\" style=\"float: left;margin-right: 20px;width:350px;\">\r\n                        \r\n                        <p>Если в недавнем прошлом интернет использовался преимущественно для поиска информации, то сегодня ситуация сильно изменилась. Постоянное увеличение числа интернет-пользователей, новые технологии (коммуникация с целевой аудиторией с помощью сайта, системы оплаты через интернет, возможность заказа on-line и т.д.) и многие другие факторы превратили интернет и в мощнейший маркетинговый инструмент и в место для продаж одновременно. Например, бум интернет-магазинов определенно свидетельствует о том, что умело используемые интернет-технологии приносят стабильную прибыль владельцам сайтов. Интернет-продвижение может быть эффективно для ВСЕХ компаний, потенциальная аудитория которых ищет подобные товары или услуги в интернете. Согласно статистике, численность интернет-пользователей растет с каждым годом, сегодня уже более трети россиян пользуются интернетом. Причем именно эта аудитория очень привлекательна для бизнеса, т.к. она обладает высокой платежеспособностью. Задумайтесь, тысячи, а, возможно, десятки и сотни тысяч людей ежедневно ищут Ваши товары, а находят товары конкурентов! И все потому, что более расторопные конкуренты уже заняли самые лучшие места в выдаче поисковых систем. Вы тоже можете занять эти «места под солнцем» - для этого нужно начать поисковую оптимизацию сайта.</p>\r\n                    </div>\r\n                </div>\r\n            </div>\r\n\r\n            <div class=\"line\"></div>\r\n\r\n            <div class=\"row section2 section\" style=\"background: #e7e8e3;\r\noverflow: hidden;\r\nborder-bottom: 1px solid #D4D4D4;\r\npadding: 30px 0;\">\r\n                \r\n                <div class=\"span4\" style=\"width: 25%;\r\nmin-height: 300px;\r\nfloat: left;\r\nmargin:70px 2%;\r\npadding: 2%;\r\nbackground: #FFFFFF;\r\nborder-radius: 10px;\r\nborder: 1px solid #CFCFCF;\">\r\n                    <div class=\"row\">\r\n                        <div class=\"span1\">\r\n                            <img src=\"http://bodyday.ru/static/themeBodyDay/images/1.png\" alt=\"\">\r\n                        </div>\r\n                        <div class=\"span3\">\r\n                            <h4>Минимальное продвижение</h4>\r\n                            <p>Минимальный пакет по продвижению сайтов подразумевает работу над программным кодом сайта приведению сайта к стандартам и правилам поисковых систем с целью улучшения и облегчения продвижения сайта в поисковых системах.</p>\r\n                            <p>40 т.р.</p>\r\n                        </div>\r\n                    </div>\r\n                </div>\r\n                <div class=\"span4\" style=\"width: 25%;\r\nfloat: left;\r\nmin-height: 350px;\r\nmargin:50px 2%;\r\npadding: 2%;\r\nbackground: #FFFFFF;\r\nborder-radius: 10px;\r\nborder: 1px solid #CFCFCF;\">\r\n                    <div class=\"row\">\r\n                        <div class=\"span1\">\r\n                            <img src=\"http://bodyday.ru/static/themeBodyDay/images/2.png\" alt=\"\">\r\n                        </div>\r\n                        <div class=\"span3\">\r\n                            <h4>Стандарт</h4>\r\n                            <p>При стандартном пакете ставится задача оптимизации программного кода сайта, консультации и работа над концепцией дизайна для увеличения конверсии сайта, корректировка дизайна и верстки сайта согласно юзабилити, настройка контента сайта согласно ключевым словам и выведение сайта в топ по оговоренным позициям.</p>\r\n                            <p>23 т.р./мес</p>\r\n                        </div>\r\n                    </div>\r\n                </div>\r\n                <div class=\"span4\" style=\"width: 25%;\r\nmin-height: 400px;\r\nfloat: left;\r\nmargin: 2%;\r\npadding: 2%;\r\nbackground: #FFFFFF;\r\nborder-radius: 10px;\r\nborder: 1px solid #CFCFCF;\">\r\n                    <div class=\"row\">\r\n                        <div class=\"span1\">\r\n                            <img src=\"http://bodyday.ru/static/themeBodyDay/images/3.png\" alt=\"\">\r\n                        </div>\r\n                        <div class=\"span3\">\r\n                            <h4>Полный пакет</h4>\r\n                            <p>Настройка программного кода сайта, работа над дизайном и версткой с точки зрения повышения конверсии, анализ пользования сайтом и работа над инфографикой сайта, консультации и координация действий с дизайнером и программистом, вывод сайта в топ поисковых систем по ключевым запросам, статистика, отчеты, корректировки и редизайн согласно карте пользования сайтом, ведение яндекс директ рекламы, настройка и выявление необходимых тригерров и повышение эффективности рекламы.</p>\r\n                            <p>30 т.р./мес</p>\r\n                        </div>\r\n                    </div>\r\n                </div>\r\n            </div>\r\n\r\n        </div>\r\n    </div>\r\n\r\n</div> \r\n\r\n<div class=\"my_h2\" style=\"text-align: center;padding:40px 20px;font-size: 17px;text-transform: uppercase;color: #484848;font-weight: 100;\">Адаптивная верстка</div>    \r\n    <div class=\"container recomend\" style=\"width: 60%;padding: 2%;float: left;\">\r\n        <div class=\"row\" style=\"margin-bottom: 60px;\">            \r\n            <div class=\"span4 section section2\" style=\"overflow: hidden;\r\nmargin-bottom: 20px;\">\r\n                <div class=\"row\">                    \r\n                    <div class=\"span1\">\r\n                        <img src=\"http://bodyday.ru/static/themeBodyDay/images/ok.png\" alt=\"\" style=\"float: left;width: 50px;margin-right: 10px;\">\r\n                    </div>\r\n                    <div class=\"my_h2\" style=\"font-size: 20px;\">Сокращение времени разработки</div>\r\n                    <div class=\"span3\">\r\n                        <p>Верстка сайта согласно адаптивной технологии по принципу фиксированного позиционирования эллементов страницы позволяет сократить время верстки, минимум, на 40%. При этом на всех вариантах разрешений экранов и на мобильных телефонах редактируется отображение эллементов страницы.</p>\r\n                    </div>\r\n                </div>\r\n            </div>\r\n            <div class=\"span4 section\" style=\"overflow: hidden;\r\nmargin-bottom: 20px;\">\r\n                <div class=\"row\">                    \r\n                    <div class=\"span1\">\r\n                        <img src=\"http://bodyday.ru/static/themeBodyDay/images/ok.png\" alt=\"\" style=\"float: left;width: 50px;margin-right: 10px;\">\r\n                    </div>\r\n                    <div class=\"my_h2\" style=\"font-size: 20px;\">Использование готовых технологий</div>\r\n                    <div class=\"span3\">\r\n                        <p>Для качественной и быстрой разработки сайта годного для использования на любых устройствах целесообразно применение фреймворка, позволяющего более качественно решать задачи верстки сайта и применять широкое количество готовых решений.</p>\r\n                    </div>\r\n                </div>\r\n            </div>\r\n            <div class=\"span4 section\" style=\"overflow: hidden;\r\nmargin-bottom: 20px;\">\r\n                <div class=\"row\">                    \r\n                    <div class=\"span1\">\r\n                        <img src=\"http://bodyday.ru/static/themeBodyDay/images/ok.png\" alt=\"\" style=\"float: left;width: 50px;margin-right: 10px;\">\r\n                    </div>\r\n                    <div class=\"my_h2\" style=\"font-size: 20px;\">Преимущества относительно \"резиновой\" верстки</div>\r\n                    <div class=\"span3\">\r\n                        <p>В отличие от сайтов с резиновым макетом, сайты с фиксированной шириной не меняются в зависимости от разрешения. Такие сайты являются более «чёткими», но самая главная их проблема в том, что на широких мониторах образуется много свободного пространства, что затрудняет работу с сайтом.</p>\r\n                    </div>\r\n                </div>\r\n            </div>\r\n        </div>\r\n    </div>\r\n\r\n<div >\r\n    <div style=\"width: 32%;padding: 2%;margin-top: 25px;float: left;background: #e7e8e3;border-radius: 10px;border: 1px solid #D7D7D7;\">\r\n        <div style=\"overflow: hidden;padding: 10px 0px;\">\r\n            <p style=\"float: left;width: 70%;margin: 0;\">Верстка сайта с учетом всех основных эллементов концепции</p>\r\n            <div style=\"text-align: right;padding: 10px;\"><a style=\"padding: 10px 20px;background: #25C683;color: #fff;border-radius: 3px;text-decoration: none;\" name=\"\">100500</a></div>\r\n        </div>\r\n    </div>\r\n    <div style=\"width: 32%;padding: 2%;margin-top: 25px;float: left;background: #e7e8e3;border-radius: 10px;border: 1px solid #D7D7D7;\">\r\n        <div style=\"overflow: hidden;padding: 10px 0px;\">\r\n            <p style=\"float: left;width: 70%;margin: 0;\">Верстка дополнительных страниц согласно концепции</p>\r\n            <div style=\"text-align: right;padding: 10px;\"><a href=\"\" target=\"_blank\" style=\"padding: 10px 20px;background: #25C683;color: #fff;border-radius: 3px;text-decoration: none;\">1000</a></div>\r\n        </div>\r\n    </div>\r\n    <div style=\"width: 32%;padding: 2%;margin-top: 25px;float: left;background: #e7e8e3;border-radius: 10px;border: 1px solid #D7D7D7;\">\r\n        <div style=\"overflow: hidden;padding: 10px 0px;\">\r\n            <p style=\"float: left;width: 70%;margin: 0;\">Верстка дополнительных эллементов концепции</p>\r\n            <div style=\"text-align: right;padding: 10px;\"><a href=\"\" target=\"_blank\" style=\"padding: 10px 20px;background: #25C683;color: #fff;border-radius: 3px;text-decoration: none;\">500</a></div>\r\n        </div>        \r\n    </div>  \r\n</div>\r\n\r\n    <div class=\"footer\">\r\n        <div class=\"container\">\r\n            <div class=\"row\">\r\n                <div class=\"span12\">\r\n                    <div class=\"row\">\r\n                        <div class=\"span9\">\r\n                        </div>\r\n                        <div class=\"span3\">\r\n                            <a href=\"http://forward70.ru\" target=\"_blank\">Создание сайтов Forward</a>\r\n                        </div>\r\n                    </div>\r\n                </div>\r\n            </div>\r\n        </div>\r\n    </div>\r\n\r\n</div>', 'greenteamer@bk.ru'), ('21', 'фывал', '<div id=\"style_13940246260000000385_BODY\" class=\"js-readmsg-link-box\">new test\r\n\r\n<div style=\"background-color: #333333;padding: 20px;min-height: 70px;\">\r\n    <div style=\"color: #999999;float: left;height: 70px;\">\r\n        <div class=\"brand_right\" style=\"font-size: 30px;font-weight: 100;font-family: Helvetica Neue,Helvetica,Arial,sans-serif;\">\r\n            <a href=\"/\" target=\"_blank\" style=\"color: #fff;\">forward70.ru</a>\r\n            <div style=\"color: #999999;\">Создание и продвижение сайтов</div>\r\n        </div>\r\n    </div>\r\n    <div class=\"top_menu\">\r\n        <div style=\"color: #fff;text-align: right;padding: 5px 10px;margin-right: 10px;font-size: 25px;\">\r\n            <span>8-913-888-68-99</span>\r\n        </div>\r\n    </div>\r\n</div>\r\n\r\n<div style=\"background: #fff;border-bottom: 1px solid #D4D4D4;padding: 20px;\">\r\n    <div style=\"font-size: 35px;text-align: center;font-weight: 100;font-family: Helvetica Neue,Helvetica,Arial,sans-serif;\">Предложение по разработке и продвижению сайта</div>\r\n</div>\r\n    \r\n<div class=\"container my_container\">\r\n    <div class=\"row custom_page manual\">\r\n        <div class=\"span12\">\r\n            <h1 style=\"text-align:center;padding: 20px;margin-top: 10px;text-transform: uppercase;font-weight: 100;\">Кратко о продвижении сайта</h1>\r\n            <div class=\"row section1\" style=\"border-bottom: 1px solid #D4D4D4;padding-bottom: 30px;\">\r\n                <div class=\"span8\">\r\n                    \r\n                    <div class=\"block1\" style=\"min-height: 280px;\">\r\n                        <img src=\"https://proxy.imgsmail.ru/?h=8byRWtu82vWjUjJVbHM5aA&amp;e=1394564697&amp;url717=bodyday.ru/static/themeBodyDay/images/seo.jpg\" style=\"float: left;margin-right: 20px;width:350px;\">\r\n                        \r\n                        <p>Если в недавнем прошлом интернет использовался преимущественно для поиска информации, то сегодня ситуация сильно изменилась. Постоянное увеличение числа интернет-пользователей, новые технологии (коммуникация с целевой аудиторией с помощью сайта, системы оплаты через интернет, возможность заказа on-line и т.д.) и многие другие факторы превратили интернет и в мощнейший маркетинговый инструмент и в место для продаж одновременно. Например, бум интернет-магазинов определенно свидетельствует о том, что умело используемые интернет-технологии приносят стабильную прибыль владельцам сайтов. Интернет-продвижение может быть эффективно для ВСЕХ компаний, потенциальная аудитория которых ищет подобные товары или услуги в интернете. Согласно статистике, численность интернет-пользователей растет с каждым годом, сегодня уже более трети россиян пользуются интернетом. Причем именно эта аудитория очень привлекательна для бизнеса, т.к. она обладает высокой платежеспособностью. Задумайтесь, тысячи, а, возможно, десятки и сотни тысяч людей ежедневно ищут Ваши товары, а находят товары конкурентов! И все потому, что более расторопные конкуренты уже заняли самые лучшие места в выдаче поисковых систем. Вы тоже можете занять эти «места под солнцем» - для этого нужно начать поисковую оптимизацию сайта.</p>\r\n                    </div>\r\n                </div>\r\n            </div>\r\n\r\n            <div class=\"line\"></div>\r\n\r\n            <div class=\"row section2 section\" style=\"background: #e7e8e3;overflow: hidden;border-bottom: 1px solid #D4D4D4;padding: 30px 0;\">\r\n                \r\n                <div class=\"span4\" style=\"width: 25%;min-height: 300px;float: left;margin:70px 2%;padding: 2%;background: #FFFFFF;border-radius: 10px;border: 1px solid #CFCFCF;\">\r\n                    <div class=\"row\">\r\n                        <div class=\"span1\">\r\n                            <img src=\"https://proxy.imgsmail.ru/?h=yg3_9okF3ISRFp-venkJMA&amp;e=1394564697&amp;url717=bodyday.ru/static/themeBodyDay/images/1.png\" alt=\"\">\r\n                        </div>\r\n                        <div class=\"span3\">\r\n                            <h4 style=\"font-size: 30px;\r\ntext-align: center;\r\nfont-weight: 100;\r\nfont-family: Helvetica Neue,Helvetica,Arial,sans-serif;\">Минимальное продвижение</h4>\r\n                            <p>Минимальный пакет по продвижению сайтов подразумевает работу над программным кодом сайта приведению сайта к стандартам и правилам поисковых систем с целью улучшения и облегчения продвижения сайта в поисковых системах.</p>\r\n                            <p style=\"font-size: 35px;\r\ntext-align: center;\r\nfont-weight: 100;\r\nfont-family: Helvetica Neue,Helvetica,Arial,sans-serif;\">40 т.р.</p>\r\n                        </div>\r\n                    </div>\r\n                </div>\r\n                <div class=\"span4\" style=\"width: 25%;\r\nfloat: left;\r\nmin-height: 520px;\r\nmargin: 50px 2%;\r\npadding: 2%;\r\nbackground: #FFFFFF;\r\nborder-radius: 10px;\r\nborder: 1px solid #CFCFCF;\">\r\n                    <div class=\"row\">\r\n                        <div class=\"span1\">\r\n                            <img src=\"https://proxy.imgsmail.ru/?h=Z15iqfCZ9CSucDqHdfFJyQ&amp;e=1394564697&amp;url717=bodyday.ru/static/themeBodyDay/images/2.png\" alt=\"\">\r\n                        </div>\r\n                        <div class=\"span3\">\r\n                            <h4 style=\"font-size: 35px;\r\ntext-align: center;\r\nfont-weight: 100;\r\nfont-family: Helvetica Neue,Helvetica,Arial,sans-serif;\">Стандарт</h4>\r\n                            <p>При стандартном пакете ставится задача оптимизации программного кода сайта, консультации и работа над концепцией дизайна для увеличения конверсии сайта, корректировка дизайна и верстки сайта согласно юзабилити, настройка контента сайта согласно ключевым словам и выведение сайта в топ по оговоренным позициям.</p>\r\n                            <p style=\"font-size: 35px;\r\ntext-align: center;\r\nfont-weight: 100;\r\nfont-family: Helvetica Neue,Helvetica,Arial,sans-serif;\">23 т.р./мес</p>\r\n                        </div>\r\n                    </div>\r\n                </div>\r\n                <div class=\"span4\" style=\"width: 25%;\r\nmin-height: 570px;\r\nfloat: left;\r\nmargin: 2%;\r\npadding: 2%;\r\nbackground: #FFFFFF;\r\nborder-radius: 10px;\r\nborder: 1px solid #CFCFCF;\">\r\n                    <div class=\"row\">\r\n                        <div class=\"span1\">\r\n                            <img src=\"https://proxy.imgsmail.ru/?h=Whs49wt0ipqJlOvExHWl8w&amp;e=1394564697&amp;url717=bodyday.ru/static/themeBodyDay/images/3.png\" alt=\"\">\r\n                        </div>\r\n                        <div class=\"span3\">\r\n                            <h4 style=\"font-size: 35px;\r\ntext-align: center;\r\nfont-weight: 100;\r\nfont-family: Helvetica Neue,Helvetica,Arial,sans-serif;\">Полный пакет</h4>\r\n                            <p>Настройка программного кода сайта, работа над дизайном и версткой с точки зрения повышения конверсии, анализ пользования сайтом и работа над инфографикой сайта, консультации и координация действий с дизайнером и программистом, вывод сайта в топ поисковых систем по ключевым запросам, статистика, отчеты, корректировки и редизайн согласно карте пользования сайтом, ведение яндекс директ рекламы, настройка и выявление необходимых тригерров и повышение эффективности рекламы.</p>\r\n                            <p style=\"font-size: 35px;\r\ntext-align: center;\r\nfont-weight: 100;\r\nfont-family: Helvetica Neue,Helvetica,Arial,sans-serif;\">30 т.р./мес</p>\r\n                        </div>\r\n                    </div>\r\n                </div>\r\n            </div>\r\n\r\n        </div>\r\n    </div>\r\n\r\n</div> \r\n\r\n<div class=\"my_h2\" style=\"text-align: center;padding:40px 20px;font-size: 17px;text-transform: uppercase;color: #484848;font-weight: 100;\">Адаптивная верстка</div>    \r\n    <div class=\"container recomend\" style=\"width: 60%;padding: 2%;float: left;\">\r\n        <div class=\"row\" style=\"margin-bottom: 60px;\">            \r\n            <div class=\"span4 section section2\" style=\"overflow: hidden;margin-bottom: 20px;\">\r\n                <div class=\"row\">                    \r\n                    <div class=\"span1\">\r\n                        <img src=\"https://proxy.imgsmail.ru/?h=n4kfQSbZVQ_h15DbpUKlNA&amp;e=1394564697&amp;url717=bodyday.ru/static/themeBodyDay/images/ok.png\" alt=\"\" style=\"float: left;width: 50px;margin-right: 10px;\">\r\n                    </div>\r\n                    <div class=\"my_h2\" style=\"font-size: 20px;\">Сокращение времени разработки</div>\r\n                    <div class=\"span3\">\r\n                        <p>Верстка сайта согласно адаптивной технологии по принципу фиксированного позиционирования эллементов страницы позволяет сократить время верстки, минимум, на 40%. При этом на всех вариантах разрешений экранов и на мобильных телефонах редактируется отображение эллементов страницы.</p>\r\n                    </div>\r\n                </div>\r\n            </div>\r\n            <div class=\"span4 section\" style=\"overflow: hidden;margin-bottom: 20px;\">\r\n                <div class=\"row\">                    \r\n                    <div class=\"span1\">\r\n                        <img src=\"https://proxy.imgsmail.ru/?h=n4kfQSbZVQ_h15DbpUKlNA&amp;e=1394564697&amp;url717=bodyday.ru/static/themeBodyDay/images/ok.png\" alt=\"\" style=\"float: left;width: 50px;margin-right: 10px;\">\r\n                    </div>\r\n                    <div class=\"my_h2\" style=\"font-size: 20px;\">Использование готовых технологий</div>\r\n                    <div class=\"span3\">\r\n                        <p>Для качественной и быстрой разработки сайта годного для использования на любых устройствах целесообразно применение фреймворка, позволяющего более качественно решать задачи верстки сайта и применять широкое количество готовых решений.</p>\r\n                    </div>\r\n                </div>\r\n            </div>\r\n            <div class=\"span4 section\" style=\"overflow: hidden;margin-bottom: 20px;\">\r\n                <div class=\"row\">                    \r\n                    <div class=\"span1\">\r\n                        <img src=\"https://proxy.imgsmail.ru/?h=n4kfQSbZVQ_h15DbpUKlNA&amp;e=1394564697&amp;url717=bodyday.ru/static/themeBodyDay/images/ok.png\" alt=\"\" style=\"float: left;width: 50px;margin-right: 10px;\">\r\n                    </div>\r\n                    <div class=\"my_h2\" style=\"font-size: 20px;\">Преимущества относительно \"резиновой\" верстки</div>\r\n                    <div class=\"span3\">\r\n                        <p>В отличие от сайтов с резиновым макетом, сайты с фиксированной шириной не меняются в зависимости от разрешения. Такие сайты являются более «чёткими», но самая главная их проблема в том, что на широких мониторах образуется много свободного пространства, что затрудняет работу с сайтом.</p>\r\n                    </div>\r\n                </div>\r\n            </div>\r\n        </div>\r\n    </div>\r\n\r\n<div>\r\n    <div style=\"width: 32%;padding: 2%;margin-top: 25px;float: left;background: #e7e8e3;border-radius: 10px;border: 1px solid #D7D7D7;\">\r\n        <div style=\"overflow: hidden;padding: 10px 0px;\">\r\n            <p style=\"float: left;width: 70%;margin: 0;\">Верстка сайта с учетом всех основных эллементов концепции сайта (до 15 уникальных страниц)</p>\r\n            <div style=\"text-align: right;padding: 10px;\"><a style=\"padding: 10px 20px;background: #25C683;color: #fff;border-radius: 3px;text-decoration: none;\" name=\"\">60 т.р.</a></div>\r\n        </div>\r\n    </div>\r\n    <div style=\"width: 32%;padding: 2%;margin-top: 25px;float: left;background: #e7e8e3;border-radius: 10px;border: 1px solid #D7D7D7;\">\r\n        <div style=\"overflow: hidden;padding: 10px 0px;\">\r\n            <p style=\"float: left;width: 70%;margin: 0;\">Верстка дополнительных страниц согласно концепции</p>\r\n            <div style=\"text-align: right;padding: 10px;\"><a href=\"\" target=\"_blank\" style=\"padding: 10px 10px;\r\nbackground: #25C683;\r\ncolor: #fff;\r\nborder-radius: 3px;\r\ntext-decoration: none;\">1000 р./стр.</a></div>\r\n        </div>\r\n    </div>\r\n    <div style=\"width: 32%;padding: 2%;margin-top: 25px;float: left;background: #e7e8e3;border-radius: 10px;border: 1px solid #D7D7D7;\">\r\n        <div style=\"overflow: hidden;padding: 10px 0px;\">\r\n            <p style=\"float: left;width: 70%;margin: 0;\">Верстка дополнительных эллементов концепции</p>\r\n            <div style=\"text-align: right;padding: 10px;\"><a href=\"\" target=\"_blank\" style=\"padding: 10px 10px;\r\nbackground: #25C683;\r\ncolor: #fff;\r\nborder-radius: 3px;\r\ntext-decoration: none;\">500 р./эл.</a></div>\r\n        </div>        \r\n    </div>  \r\n</div>\r\n\r\n    <div class=\"footer\">\r\n        <div class=\"container\">\r\n            <div class=\"row\">\r\n                <div class=\"span12\">\r\n                    <div class=\"row\">\r\n                        <div class=\"span9\">\r\n                        </div>\r\n                        <div class=\"span3\">\r\n                            <a href=\"http://forward70.ru\" target=\"_blank\">Создание сайтов Forward</a>\r\n                        </div>\r\n                    </div>\r\n                </div>\r\n            </div>\r\n        </div>\r\n    </div>\r\n\r\n</div>', 'greenteamer@bk.ru'), ('22', 'fgjladf', '<div id=\"style_13940246260000000385_BODY\" class=\"js-readmsg-link-box\">new test\r\n\r\n<div style=\"background-color: #333333;padding: 20px;min-height: 70px;\">\r\n    <div style=\"color: #999999;float: left;height: 70px;\">\r\n        <div class=\"brand_right\" style=\"font-size: 30px;font-weight: 100;font-family: Helvetica Neue,Helvetica,Arial,sans-serif;\">\r\n            <a href=\"/\" target=\"_blank\" style=\"color: #fff;\">forward70.ru</a>\r\n            <div style=\"color: #999999;\">Создание и продвижение сайтов</div>\r\n        </div>\r\n    </div>\r\n    <div class=\"top_menu\">\r\n        <div style=\"color: #fff;text-align: right;padding: 5px 10px;margin-right: 10px;font-size: 25px;\">\r\n            <span>8-913-888-68-99</span>\r\n        </div>\r\n    </div>\r\n</div>\r\n\r\n<div style=\"background: #fff;border-bottom: 1px solid #D4D4D4;padding: 20px;\">\r\n    <div style=\"font-size: 35px;text-align: center;font-weight: 100;font-family: Helvetica Neue,Helvetica,Arial,sans-serif;\">Предложение по разработке и продвижению сайта</div>\r\n</div>\r\n    \r\n<div class=\"container my_container\">\r\n    <div class=\"row custom_page manual\">\r\n        <div class=\"span12\">\r\n            <h1 style=\"text-align:center;padding: 20px;margin-top: 10px;text-transform: uppercase;font-weight: 100;\">Кратко о продвижении сайта</h1>\r\n            <div class=\"row section1\" style=\"border-bottom: 1px solid #D4D4D4;padding-bottom: 30px;\">\r\n                <div class=\"span8\">\r\n                    \r\n                    <div class=\"block1\" style=\"min-height: 280px;\">\r\n                        <img src=\"https://proxy.imgsmail.ru/?h=8byRWtu82vWjUjJVbHM5aA&amp;e=1394564697&amp;url717=bodyday.ru/static/themeBodyDay/images/seo.jpg\" style=\"float: left;margin-right: 20px;width:350px;\">\r\n                        \r\n                        <p>Если в недавнем прошлом интернет использовался преимущественно для поиска информации, то сегодня ситуация сильно изменилась. Постоянное увеличение числа интернет-пользователей, новые технологии (коммуникация с целевой аудиторией с помощью сайта, системы оплаты через интернет, возможность заказа on-line и т.д.) и многие другие факторы превратили интернет и в мощнейший маркетинговый инструмент и в место для продаж одновременно. Например, бум интернет-магазинов определенно свидетельствует о том, что умело используемые интернет-технологии приносят стабильную прибыль владельцам сайтов. Интернет-продвижение может быть эффективно для ВСЕХ компаний, потенциальная аудитория которых ищет подобные товары или услуги в интернете. Согласно статистике, численность интернет-пользователей растет с каждым годом, сегодня уже более трети россиян пользуются интернетом. Причем именно эта аудитория очень привлекательна для бизнеса, т.к. она обладает высокой платежеспособностью. Задумайтесь, тысячи, а, возможно, десятки и сотни тысяч людей ежедневно ищут Ваши товары, а находят товары конкурентов! И все потому, что более расторопные конкуренты уже заняли самые лучшие места в выдаче поисковых систем. Вы тоже можете занять эти «места под солнцем» - для этого нужно начать поисковую оптимизацию сайта.</p>\r\n                    </div>\r\n                </div>\r\n            </div>\r\n\r\n            <div class=\"line\"></div>\r\n\r\n            <div class=\"row section2 section\" style=\"background: #e7e8e3;overflow: hidden;border-bottom: 1px solid #D4D4D4;padding: 30px 0;\">\r\n                \r\n                <div class=\"span4\" style=\"width: 25%;min-height: 300px;float: left;margin:70px 2%;padding: 2%;background: #FFFFFF;border-radius: 10px;border: 1px solid #CFCFCF;\">\r\n                    <div class=\"row\">\r\n                        <div class=\"span1\">\r\n                            <img src=\"https://proxy.imgsmail.ru/?h=yg3_9okF3ISRFp-venkJMA&amp;e=1394564697&amp;url717=bodyday.ru/static/themeBodyDay/images/1.png\" alt=\"\">\r\n                        </div>\r\n                        <div class=\"span3\">\r\n                            <h4 style=\"font-size: 30px;\r\ntext-align: center;\r\nfont-weight: 100;\r\nfont-family: Helvetica Neue,Helvetica,Arial,sans-serif;\">Минимальное продвижение</h4>\r\n                            <p>Минимальный пакет по продвижению сайтов подразумевает работу над программным кодом сайта приведению сайта к стандартам и правилам поисковых систем с целью улучшения и облегчения продвижения сайта в поисковых системах.</p>\r\n                            <p style=\"font-size: 35px;\r\ntext-align: center;\r\nfont-weight: 100;\r\nfont-family: Helvetica Neue,Helvetica,Arial,sans-serif;\">40 т.р.</p>\r\n                        </div>\r\n                    </div>\r\n                </div>\r\n                <div class=\"span4\" style=\"width: 25%;\r\nfloat: left;\r\nmin-height: 520px;\r\nmargin: 50px 2%;\r\npadding: 2%;\r\nbackground: #FFFFFF;\r\nborder-radius: 10px;\r\nborder: 1px solid #CFCFCF;\">\r\n                    <div class=\"row\">\r\n                        <div class=\"span1\">\r\n                            <img src=\"https://proxy.imgsmail.ru/?h=Z15iqfCZ9CSucDqHdfFJyQ&amp;e=1394564697&amp;url717=bodyday.ru/static/themeBodyDay/images/2.png\" alt=\"\">\r\n                        </div>\r\n                        <div class=\"span3\">\r\n                            <h4 style=\"font-size: 35px;\r\ntext-align: center;\r\nfont-weight: 100;\r\nfont-family: Helvetica Neue,Helvetica,Arial,sans-serif;\">Стандарт</h4>\r\n                            <p>При стандартном пакете ставится задача оптимизации программного кода сайта, консультации и работа над концепцией дизайна для увеличения конверсии сайта, корректировка дизайна и верстки сайта согласно юзабилити, настройка контента сайта согласно ключевым словам и выведение сайта в топ по оговоренным позициям.</p>\r\n                            <p style=\"font-size: 35px;\r\ntext-align: center;\r\nfont-weight: 100;\r\nfont-family: Helvetica Neue,Helvetica,Arial,sans-serif;\">23 т.р./мес</p>\r\n                        </div>\r\n                    </div>\r\n                </div>\r\n                <div class=\"span4\" style=\"width: 25%;\r\nmin-height: 570px;\r\nfloat: left;\r\nmargin: 2%;\r\npadding: 2%;\r\nbackground: #FFFFFF;\r\nborder-radius: 10px;\r\nborder: 1px solid #CFCFCF;\">\r\n                    <div class=\"row\">\r\n                        <div class=\"span1\">\r\n                            <img src=\"https://proxy.imgsmail.ru/?h=Whs49wt0ipqJlOvExHWl8w&amp;e=1394564697&amp;url717=bodyday.ru/static/themeBodyDay/images/3.png\" alt=\"\">\r\n                        </div>\r\n                        <div class=\"span3\">\r\n                            <h4 style=\"font-size: 35px;\r\ntext-align: center;\r\nfont-weight: 100;\r\nfont-family: Helvetica Neue,Helvetica,Arial,sans-serif;\">Полный пакет</h4>\r\n                            <p>Настройка программного кода сайта, работа над дизайном и версткой с точки зрения повышения конверсии, анализ пользования сайтом и работа над инфографикой сайта, консультации и координация действий с дизайнером и программистом, вывод сайта в топ поисковых систем по ключевым запросам, статистика, отчеты, корректировки и редизайн согласно карте пользования сайтом, ведение яндекс директ рекламы, настройка и выявление необходимых тригерров и повышение эффективности рекламы.</p>\r\n                            <p style=\"font-size: 35px;\r\ntext-align: center;\r\nfont-weight: 100;\r\nfont-family: Helvetica Neue,Helvetica,Arial,sans-serif;\">30 т.р./мес</p>\r\n                        </div>\r\n                    </div>\r\n                </div>\r\n            </div>\r\n\r\n        </div>\r\n    </div>\r\n\r\n</div> \r\n\r\n<div class=\"my_h2\" style=\"text-align: center;padding:40px 20px;font-size: 17px;text-transform: uppercase;color: #484848;font-weight: 100;\">Адаптивная верстка</div>    \r\n    <div class=\"container recomend\" style=\"width: 60%;padding: 2%;float: left;\">\r\n        <div class=\"row\" style=\"margin-bottom: 60px;\">            \r\n            <div class=\"span4 section section2\" style=\"overflow: hidden;margin-bottom: 20px;\">\r\n                <div class=\"row\">                    \r\n                    <div class=\"span1\">\r\n                        <img src=\"https://proxy.imgsmail.ru/?h=n4kfQSbZVQ_h15DbpUKlNA&amp;e=1394564697&amp;url717=bodyday.ru/static/themeBodyDay/images/ok.png\" alt=\"\" style=\"float: left;width: 50px;margin-right: 10px;\">\r\n                    </div>\r\n                    <div class=\"my_h2\" style=\"font-size: 20px;\">Сокращение времени разработки</div>\r\n                    <div class=\"span3\">\r\n                        <p>Верстка сайта согласно адаптивной технологии по принципу фиксированного позиционирования эллементов страницы позволяет сократить время верстки, минимум, на 40%. При этом на всех вариантах разрешений экранов и на мобильных телефонах редактируется отображение эллементов страницы.</p>\r\n                    </div>\r\n                </div>\r\n            </div>\r\n            <div class=\"span4 section\" style=\"overflow: hidden;margin-bottom: 20px;\">\r\n                <div class=\"row\">                    \r\n                    <div class=\"span1\">\r\n                        <img src=\"https://proxy.imgsmail.ru/?h=n4kfQSbZVQ_h15DbpUKlNA&amp;e=1394564697&amp;url717=bodyday.ru/static/themeBodyDay/images/ok.png\" alt=\"\" style=\"float: left;width: 50px;margin-right: 10px;\">\r\n                    </div>\r\n                    <div class=\"my_h2\" style=\"font-size: 20px;\">Использование готовых технологий</div>\r\n                    <div class=\"span3\">\r\n                        <p>Для качественной и быстрой разработки сайта годного для использования на любых устройствах целесообразно применение фреймворка, позволяющего более качественно решать задачи верстки сайта и применять широкое количество готовых решений.</p>\r\n                    </div>\r\n                </div>\r\n            </div>\r\n            <div class=\"span4 section\" style=\"overflow: hidden;margin-bottom: 20px;\">\r\n                <div class=\"row\">                    \r\n                    <div class=\"span1\">\r\n                        <img src=\"https://proxy.imgsmail.ru/?h=n4kfQSbZVQ_h15DbpUKlNA&amp;e=1394564697&amp;url717=bodyday.ru/static/themeBodyDay/images/ok.png\" alt=\"\" style=\"float: left;width: 50px;margin-right: 10px;\">\r\n                    </div>\r\n                    <div class=\"my_h2\" style=\"font-size: 20px;\">Преимущества относительно \"резиновой\" верстки</div>\r\n                    <div class=\"span3\">\r\n                        <p>В отличие от сайтов с резиновым макетом, сайты с фиксированной шириной не меняются в зависимости от разрешения. Такие сайты являются более «чёткими», но самая главная их проблема в том, что на широких мониторах образуется много свободного пространства, что затрудняет работу с сайтом.</p>\r\n                    </div>\r\n                </div>\r\n            </div>\r\n        </div>\r\n    </div>\r\n\r\n<div>\r\n    <div style=\"width: 32%;padding: 2%;margin-top: 25px;float: left;background: #e7e8e3;border-radius: 10px;border: 1px solid #D7D7D7;\">\r\n        <div style=\"overflow: hidden;padding: 10px 0px;\">\r\n            <p style=\"float: left;width: 70%;margin: 0;\">Верстка сайта с учетом всех основных эллементов концепции сайта (до 15 уникальных страниц)</p>\r\n            <div style=\"text-align: right;padding: 10px;\"><a style=\"padding: 10px 20px;background: #25C683;color: #fff;border-radius: 3px;text-decoration: none;\" name=\"\">60 т.р.</a></div>\r\n        </div>\r\n    </div>\r\n    <div style=\"width: 32%;padding: 2%;margin-top: 25px;float: left;background: #e7e8e3;border-radius: 10px;border: 1px solid #D7D7D7;\">\r\n        <div style=\"overflow: hidden;padding: 10px 0px;\">\r\n            <p style=\"float: left;width: 70%;margin: 0;\">Верстка дополнительных страниц согласно концепции</p>\r\n            <div style=\"text-align: right;padding: 10px;\"><a name=\"\" style=\"padding: 10px 10px;\r\nbackground: #25C683;\r\ncolor: #fff;\r\nborder-radius: 3px;\r\ntext-decoration: none;\">1000 р./стр.</a></div>\r\n        </div>\r\n    </div>\r\n    <div style=\"width: 32%;padding: 2%;margin-top: 25px;float: left;background: #e7e8e3;border-radius: 10px;border: 1px solid #D7D7D7;\">\r\n        <div style=\"overflow: hidden;padding: 10px 0px;\">\r\n            <p style=\"float: left;width: 70%;margin: 0;\">Верстка дополнительных эллементов концепции</p>\r\n            <div style=\"text-align: right;padding: 10px;\"><a name=\"\" style=\"padding: 10px 10px;\r\nbackground: #25C683;\r\ncolor: #fff;\r\nborder-radius: 3px;\r\ntext-decoration: none;\">500 р./эл.</a></div>\r\n        </div>        \r\n    </div>  \r\n</div>\r\n\r\n    <div class=\"footer\">\r\n        <div class=\"container\">\r\n            <div class=\"row\">\r\n                <div class=\"span12\">\r\n                    <div class=\"row\">\r\n                        <div class=\"span9\">\r\n                        </div>\r\n                        <div class=\"span3\">\r\n                            <a href=\"http://forward70.ru\" target=\"_blank\">Создание сайтов Forward</a>\r\n                        </div>\r\n                    </div>\r\n                </div>\r\n            </div>\r\n        </div>\r\n    </div>\r\n\r\n</div>', 'teamer777@gmail.com');
INSERT INTO `mail_mail` VALUES ('23', 'adsfasdf', '<div id=\"style_13940246260000000385_BODY\" class=\"js-readmsg-link-box\">new test\r\n\r\n<div style=\"background-color: #333333;padding: 20px;min-height: 70px;\">\r\n    <div style=\"color: #999999;float: left;height: 70px;\">\r\n        <div class=\"brand_right\" style=\"font-size: 30px;font-weight: 100;font-family: Helvetica Neue,Helvetica,Arial,sans-serif;\">\r\n            <a href=\"/\" target=\"_blank\" style=\"color: #fff;\">forward70.ru</a>\r\n            <div style=\"color: #999999;\">Создание и продвижение сайтов</div>\r\n        </div>\r\n    </div>\r\n    <div class=\"top_menu\">\r\n        <div style=\"color: #fff;text-align: right;padding: 5px 10px;margin-right: 10px;font-size: 25px;\">\r\n            <span>8-913-888-68-99</span>\r\n        </div>\r\n    </div>\r\n</div>\r\n\r\n<div style=\"background: #fff;border-bottom: 1px solid #D4D4D4;padding: 20px;\">\r\n    <div style=\"font-size: 35px;text-align: center;font-weight: 100;font-family: Helvetica Neue,Helvetica,Arial,sans-serif;\">Предложение по разработке и продвижению сайта</div>\r\n</div>\r\n    \r\n<div class=\"container my_container\">\r\n    <div class=\"row custom_page manual\">\r\n        <div class=\"span12\">\r\n            <h1 style=\"text-align:center;padding: 20px;margin-top: 10px;text-transform: uppercase;font-weight: 100;\">Кратко о продвижении сайта</h1>\r\n            <div class=\"row section1\" style=\"border-bottom: 1px solid #D4D4D4;padding-bottom: 30px;\">\r\n                <div class=\"span8\">\r\n                    \r\n                    <div class=\"block1\" style=\"min-height: 280px;\">\r\n                        <img src=\"https://proxy.imgsmail.ru/?h=8byRWtu82vWjUjJVbHM5aA&amp;e=1394564697&amp;url717=bodyday.ru/static/themeBodyDay/images/seo.jpg\" style=\"float: left;margin-right: 20px;width:350px;\">\r\n                        \r\n                        <p>Если в недавнем прошлом интернет использовался преимущественно для поиска информации, то сегодня ситуация сильно изменилась. Постоянное увеличение числа интернет-пользователей, новые технологии (коммуникация с целевой аудиторией с помощью сайта, системы оплаты через интернет, возможность заказа on-line и т.д.) и многие другие факторы превратили интернет и в мощнейший маркетинговый инструмент и в место для продаж одновременно. Например, бум интернет-магазинов определенно свидетельствует о том, что умело используемые интернет-технологии приносят стабильную прибыль владельцам сайтов. Интернет-продвижение может быть эффективно для ВСЕХ компаний, потенциальная аудитория которых ищет подобные товары или услуги в интернете. Согласно статистике, численность интернет-пользователей растет с каждым годом, сегодня уже более трети россиян пользуются интернетом. Причем именно эта аудитория очень привлекательна для бизнеса, т.к. она обладает высокой платежеспособностью. Задумайтесь, тысячи, а, возможно, десятки и сотни тысяч людей ежедневно ищут Ваши товары, а находят товары конкурентов! И все потому, что более расторопные конкуренты уже заняли самые лучшие места в выдаче поисковых систем. Вы тоже можете занять эти «места под солнцем» - для этого нужно начать поисковую оптимизацию сайта.</p>\r\n                    </div>\r\n                </div>\r\n            </div>\r\n\r\n            <div class=\"line\"></div>\r\n\r\n            <div class=\"row section2 section\" style=\"background: #e7e8e3;overflow: hidden;border-bottom: 1px solid #D4D4D4;padding: 30px 0;\">\r\n                \r\n                <div class=\"span4\" style=\"width: 25%;min-height: 300px;float: left;margin:70px 2%;padding: 2%;background: #FFFFFF;border-radius: 10px;border: 1px solid #CFCFCF;\">\r\n                    <div class=\"row\">\r\n                        <div class=\"span1\">\r\n                            <img src=\"https://proxy.imgsmail.ru/?h=yg3_9okF3ISRFp-venkJMA&amp;e=1394564697&amp;url717=bodyday.ru/static/themeBodyDay/images/1.png\" alt=\"\">\r\n                        </div>\r\n                        <div class=\"span3\">\r\n                            <h4 style=\"font-size: 30px;\r\ntext-align: center;\r\nfont-weight: 100;\r\nfont-family: Helvetica Neue,Helvetica,Arial,sans-serif;\">Минимальное продвижение</h4>\r\n                            <p>Минимальный пакет по продвижению сайтов подразумевает работу над программным кодом сайта приведению сайта к стандартам и правилам поисковых систем с целью улучшения и облегчения продвижения сайта в поисковых системах.</p>\r\n                            <p style=\"font-size: 35px;\r\ntext-align: center;\r\nfont-weight: 100;\r\nfont-family: Helvetica Neue,Helvetica,Arial,sans-serif;\">40 т.р.</p>\r\n                        </div>\r\n                    </div>\r\n                </div>\r\n                <div class=\"span4\" style=\"width: 25%;\r\nfloat: left;\r\nmin-height: 520px;\r\nmargin: 50px 2%;\r\npadding: 2%;\r\nbackground: #FFFFFF;\r\nborder-radius: 10px;\r\nborder: 1px solid #CFCFCF;\">\r\n                    <div class=\"row\">\r\n                        <div class=\"span1\">\r\n                            <img src=\"https://proxy.imgsmail.ru/?h=Z15iqfCZ9CSucDqHdfFJyQ&amp;e=1394564697&amp;url717=bodyday.ru/static/themeBodyDay/images/2.png\" alt=\"\">\r\n                        </div>\r\n                        <div class=\"span3\">\r\n                            <h4 style=\"font-size: 35px;\r\ntext-align: center;\r\nfont-weight: 100;\r\nfont-family: Helvetica Neue,Helvetica,Arial,sans-serif;\">Стандарт</h4>\r\n                            <p>При стандартном пакете ставится задача оптимизации программного кода сайта, консультации и работа над концепцией дизайна для увеличения конверсии сайта, корректировка дизайна и верстки сайта согласно юзабилити, настройка контента сайта согласно ключевым словам и выведение сайта в топ по оговоренным позициям.</p>\r\n                            <p style=\"font-size: 35px;\r\ntext-align: center;\r\nfont-weight: 100;\r\nfont-family: Helvetica Neue,Helvetica,Arial,sans-serif;\">23 т.р./мес</p>\r\n                        </div>\r\n                    </div>\r\n                </div>\r\n                <div class=\"span4\" style=\"width: 25%;\r\nmin-height: 570px;\r\nfloat: left;\r\nmargin: 2%;\r\npadding: 2%;\r\nbackground: #FFFFFF;\r\nborder-radius: 10px;\r\nborder: 1px solid #CFCFCF;\">\r\n                    <div class=\"row\">\r\n                        <div class=\"span1\">\r\n                            <img src=\"https://proxy.imgsmail.ru/?h=Whs49wt0ipqJlOvExHWl8w&amp;e=1394564697&amp;url717=bodyday.ru/static/themeBodyDay/images/3.png\" alt=\"\">\r\n                        </div>\r\n                        <div class=\"span3\">\r\n                            <h4 style=\"font-size: 35px;\r\ntext-align: center;\r\nfont-weight: 100;\r\nfont-family: Helvetica Neue,Helvetica,Arial,sans-serif;\">Полный пакет</h4>\r\n                            <p>Настройка программного кода сайта, работа над дизайном и версткой с точки зрения повышения конверсии, анализ пользования сайтом и работа над инфографикой сайта, консультации и координация действий с дизайнером и программистом, вывод сайта в топ поисковых систем по ключевым запросам, статистика, отчеты, корректировки и редизайн согласно карте пользования сайтом, ведение яндекс директ рекламы, настройка и выявление необходимых тригерров и повышение эффективности рекламы.</p>\r\n                            <p style=\"font-size: 35px;\r\ntext-align: center;\r\nfont-weight: 100;\r\nfont-family: Helvetica Neue,Helvetica,Arial,sans-serif;\">30 т.р./мес</p>\r\n                        </div>\r\n                    </div>\r\n                </div>\r\n            </div>\r\n\r\n        </div>\r\n    </div>\r\n\r\n</div> \r\n\r\n<div class=\"my_h2\" style=\"text-align: center;padding:40px 20px;font-size: 17px;text-transform: uppercase;color: #484848;font-weight: 100;\">Адаптивная верстка</div>    \r\n    <div class=\"container recomend\" style=\"width: 60%;padding: 2%;float: left;\">\r\n        <div class=\"row\" style=\"margin-bottom: 60px;\">            \r\n            <div class=\"span4 section section2\" style=\"overflow: hidden;margin-bottom: 20px;\">\r\n                <div class=\"row\">                    \r\n                    <div class=\"span1\">\r\n                        <img src=\"https://proxy.imgsmail.ru/?h=n4kfQSbZVQ_h15DbpUKlNA&amp;e=1394564697&amp;url717=bodyday.ru/static/themeBodyDay/images/ok.png\" alt=\"\" style=\"float: left;width: 50px;margin-right: 10px;\">\r\n                    </div>\r\n                    <div class=\"my_h2\" style=\"font-size: 20px;\">Сокращение времени разработки</div>\r\n                    <div class=\"span3\">\r\n                        <p>Верстка сайта согласно адаптивной технологии по принципу фиксированного позиционирования эллементов страницы позволяет сократить время верстки, минимум, на 40%. При этом на всех вариантах разрешений экранов и на мобильных телефонах редактируется отображение эллементов страницы.</p>\r\n                    </div>\r\n                </div>\r\n            </div>\r\n            <div class=\"span4 section\" style=\"overflow: hidden;margin-bottom: 20px;\">\r\n                <div class=\"row\">                    \r\n                    <div class=\"span1\">\r\n                        <img src=\"https://proxy.imgsmail.ru/?h=n4kfQSbZVQ_h15DbpUKlNA&amp;e=1394564697&amp;url717=bodyday.ru/static/themeBodyDay/images/ok.png\" alt=\"\" style=\"float: left;width: 50px;margin-right: 10px;\">\r\n                    </div>\r\n                    <div class=\"my_h2\" style=\"font-size: 20px;\">Использование готовых технологий</div>\r\n                    <div class=\"span3\">\r\n                        <p>Для качественной и быстрой разработки сайта годного для использования на любых устройствах целесообразно применение фреймворка, позволяющего более качественно решать задачи верстки сайта и применять широкое количество готовых решений.</p>\r\n                    </div>\r\n                </div>\r\n            </div>\r\n            <div class=\"span4 section\" style=\"overflow: hidden;margin-bottom: 20px;\">\r\n                <div class=\"row\">                    \r\n                    <div class=\"span1\">\r\n                        <img src=\"https://proxy.imgsmail.ru/?h=n4kfQSbZVQ_h15DbpUKlNA&amp;e=1394564697&amp;url717=bodyday.ru/static/themeBodyDay/images/ok.png\" alt=\"\" style=\"float: left;width: 50px;margin-right: 10px;\">\r\n                    </div>\r\n                    <div class=\"my_h2\" style=\"font-size: 20px;\">Преимущества относительно \"резиновой\" верстки</div>\r\n                    <div class=\"span3\">\r\n                        <p>В отличие от сайтов с резиновым макетом, сайты с фиксированной шириной не меняются в зависимости от разрешения. Такие сайты являются более «чёткими», но самая главная их проблема в том, что на широких мониторах образуется много свободного пространства, что затрудняет работу с сайтом.</p>\r\n                    </div>\r\n                </div>\r\n            </div>\r\n        </div>\r\n    </div>\r\n\r\n<div>\r\n    <div style=\"width: 32%;padding: 2%;margin-top: 25px;float: left;background: #e7e8e3;border-radius: 10px;border: 1px solid #D7D7D7;\">\r\n        <div style=\"overflow: hidden;padding: 10px 0px;\">\r\n            <p style=\"float: left;width: 60%;margin: 0;\">Верстка сайта с учетом всех основных эллементов концепции сайта (до 15 уникальных страниц)</p>\r\n            <div style=\"text-align: right;padding: 10px;\"><a style=\"padding: 10px 20px;background: #25C683;color: #fff;border-radius: 3px;text-decoration: none;\" name=\"\">60 т.р.</a></div>\r\n        </div>\r\n    </div>\r\n    <div style=\"width: 32%;padding: 2%;margin-top: 25px;float: left;background: #e7e8e3;border-radius: 10px;border: 1px solid #D7D7D7;\">\r\n        <div style=\"overflow: hidden;padding: 10px 0px;\">\r\n            <p style=\"float: left;width: 60%;margin: 0;\">Верстка дополнительных страниц согласно концепции</p>\r\n            <div style=\"text-align: right;padding: 10px;\"><a name=\"\" style=\"padding: 10px 10px;\r\nbackground: #25C683;\r\ncolor: #fff;\r\nborder-radius: 3px;\r\ntext-decoration: none;\">1000 р./стр.</a></div>\r\n        </div>\r\n    </div>\r\n    <div style=\"width: 32%;padding: 2%;margin-top: 25px;float: left;background: #e7e8e3;border-radius: 10px;border: 1px solid #D7D7D7;\">\r\n        <div style=\"overflow: hidden;padding: 10px 0px;\">\r\n            <p style=\"float: left;width: 60%;margin: 0;\">Верстка дополнительных эллементов концепции</p>\r\n            <div style=\"text-align: right;padding: 10px;\"><a name=\"\" style=\"padding: 10px 10px;\r\nbackground: #25C683;\r\ncolor: #fff;\r\nborder-radius: 3px;\r\ntext-decoration: none;\">500 р./эл.</a></div>\r\n        </div>        \r\n    </div>  \r\n</div>\r\n\r\n    <div class=\"footer\">\r\n        <div class=\"container\">\r\n            <div class=\"row\">\r\n                <div class=\"span12\">\r\n                    <div class=\"row\">\r\n                        <div class=\"span9\">\r\n                        </div>\r\n                        <div class=\"span3\">\r\n                            <a href=\"http://forward70.ru\" target=\"_blank\">Создание сайтов Forward</a>\r\n                        </div>\r\n                    </div>\r\n                </div>\r\n            </div>\r\n        </div>\r\n    </div>\r\n\r\n</div>', 'greenteamer@bk.ru'), ('24', 'Продвижение сайта и верстка', '<div id=\"style_13940246260000000385_BODY\" class=\"js-readmsg-link-box\">new test\r\n\r\n<div style=\"background-color: #333333;padding: 20px;min-height: 70px;\">\r\n    <div style=\"color: #999999;float: left;height: 70px;\">\r\n        <div class=\"brand_right\" style=\"font-size: 30px;font-weight: 100;font-family: Helvetica Neue,Helvetica,Arial,sans-serif;\">\r\n            <a href=\"/\" target=\"_blank\" style=\"color: #fff;\">forward70.ru</a>\r\n            <div style=\"color: #999999;\">Создание и продвижение сайтов</div>\r\n        </div>\r\n    </div>\r\n    <div class=\"top_menu\">\r\n        <div style=\"color: #fff;text-align: right;padding: 5px 10px;margin-right: 10px;font-size: 25px;\">\r\n            <span>8-913-888-68-99</span>\r\n        </div>\r\n    </div>\r\n</div>\r\n\r\n<div style=\"background: #fff;border-bottom: 1px solid #D4D4D4;padding: 20px;\">\r\n    <div style=\"font-size: 35px;text-align: center;font-weight: 100;font-family: Helvetica Neue,Helvetica,Arial,sans-serif;\">Предложение по разработке и продвижению сайта</div>\r\n</div>\r\n    \r\n<div class=\"container my_container\">\r\n    <div class=\"row custom_page manual\">\r\n        <div class=\"span12\">\r\n            <h1 style=\"text-align:center;padding: 20px;margin-top: 10px;text-transform: uppercase;font-weight: 100;\">Кратко о продвижении сайта</h1>\r\n            <div class=\"row section1\" style=\"border-bottom: 1px solid #D4D4D4;padding-bottom: 30px;\">\r\n                <div class=\"span8\">\r\n                    \r\n                    <div class=\"block1\" style=\"min-height: 280px;\">\r\n                        <img src=\"https://proxy.imgsmail.ru/?h=8byRWtu82vWjUjJVbHM5aA&amp;e=1394564697&amp;url717=bodyday.ru/static/themeBodyDay/images/seo.jpg\" style=\"float: left;margin-right: 20px;width:350px;\">\r\n                        \r\n                        <p>Если в недавнем прошлом интернет использовался преимущественно для поиска информации, то сегодня ситуация сильно изменилась. Постоянное увеличение числа интернет-пользователей, новые технологии (коммуникация с целевой аудиторией с помощью сайта, системы оплаты через интернет, возможность заказа on-line и т.д.) и многие другие факторы превратили интернет и в мощнейший маркетинговый инструмент и в место для продаж одновременно. Например, бум интернет-магазинов определенно свидетельствует о том, что умело используемые интернет-технологии приносят стабильную прибыль владельцам сайтов. Интернет-продвижение может быть эффективно для ВСЕХ компаний, потенциальная аудитория которых ищет подобные товары или услуги в интернете. Согласно статистике, численность интернет-пользователей растет с каждым годом, сегодня уже более трети россиян пользуются интернетом. Причем именно эта аудитория очень привлекательна для бизнеса, т.к. она обладает высокой платежеспособностью. Задумайтесь, тысячи, а, возможно, десятки и сотни тысяч людей ежедневно ищут Ваши товары, а находят товары конкурентов! И все потому, что более расторопные конкуренты уже заняли самые лучшие места в выдаче поисковых систем. Вы тоже можете занять эти «места под солнцем» - для этого нужно начать поисковую оптимизацию сайта.</p>\r\n                    </div>\r\n                </div>\r\n            </div>\r\n\r\n            <div class=\"line\"></div>\r\n\r\n            <div class=\"row section2 section\" style=\"background: #e7e8e3;overflow: hidden;border-bottom: 1px solid #D4D4D4;padding: 30px 0;\">\r\n                \r\n                <div class=\"span4\" style=\"width: 25%;min-height: 300px;float: left;margin:70px 2%;padding: 2%;background: #FFFFFF;border-radius: 10px;border: 1px solid #CFCFCF;\">\r\n                    <div class=\"row\">\r\n                        <div class=\"span1\">\r\n                            <img src=\"https://proxy.imgsmail.ru/?h=yg3_9okF3ISRFp-venkJMA&amp;e=1394564697&amp;url717=bodyday.ru/static/themeBodyDay/images/1.png\" alt=\"\">\r\n                        </div>\r\n                        <div class=\"span3\">\r\n                            <h4 style=\"font-size: 30px;\r\ntext-align: center;\r\nfont-weight: 100;\r\nfont-family: Helvetica Neue,Helvetica,Arial,sans-serif;\">Минимальное продвижение</h4>\r\n                            <p>Минимальный пакет по продвижению сайтов подразумевает работу над программным кодом сайта приведению сайта к стандартам и правилам поисковых систем с целью улучшения и облегчения продвижения сайта в поисковых системах.</p>\r\n                            <p style=\"font-size: 35px;\r\ntext-align: center;\r\nfont-weight: 100;\r\nfont-family: Helvetica Neue,Helvetica,Arial,sans-serif;\">40 т.р.</p>\r\n                        </div>\r\n                    </div>\r\n                </div>\r\n                <div class=\"span4\" style=\"width: 25%;\r\nfloat: left;\r\nmin-height: 520px;\r\nmargin: 50px 2%;\r\npadding: 2%;\r\nbackground: #FFFFFF;\r\nborder-radius: 10px;\r\nborder: 1px solid #CFCFCF;\">\r\n                    <div class=\"row\">\r\n                        <div class=\"span1\">\r\n                            <img src=\"https://proxy.imgsmail.ru/?h=Z15iqfCZ9CSucDqHdfFJyQ&amp;e=1394564697&amp;url717=bodyday.ru/static/themeBodyDay/images/2.png\" alt=\"\">\r\n                        </div>\r\n                        <div class=\"span3\">\r\n                            <h4 style=\"font-size: 35px;\r\ntext-align: center;\r\nfont-weight: 100;\r\nfont-family: Helvetica Neue,Helvetica,Arial,sans-serif;\">Стандарт</h4>\r\n                            <p>При стандартном пакете ставится задача оптимизации программного кода сайта, консультации и работа над концепцией дизайна для увеличения конверсии сайта, корректировка дизайна и верстки сайта согласно юзабилити, настройка контента сайта согласно ключевым словам и выведение сайта в топ по оговоренным позициям.</p>\r\n                            <p style=\"font-size: 35px;\r\ntext-align: center;\r\nfont-weight: 100;\r\nfont-family: Helvetica Neue,Helvetica,Arial,sans-serif;\">23 т.р./мес</p>\r\n                        </div>\r\n                    </div>\r\n                </div>\r\n                <div class=\"span4\" style=\"width: 25%;\r\nmin-height: 570px;\r\nfloat: left;\r\nmargin: 2%;\r\npadding: 2%;\r\nbackground: #FFFFFF;\r\nborder-radius: 10px;\r\nborder: 1px solid #CFCFCF;\">\r\n                    <div class=\"row\">\r\n                        <div class=\"span1\">\r\n                            <img src=\"https://proxy.imgsmail.ru/?h=Whs49wt0ipqJlOvExHWl8w&amp;e=1394564697&amp;url717=bodyday.ru/static/themeBodyDay/images/3.png\" alt=\"\">\r\n                        </div>\r\n                        <div class=\"span3\">\r\n                            <h4 style=\"font-size: 35px;\r\ntext-align: center;\r\nfont-weight: 100;\r\nfont-family: Helvetica Neue,Helvetica,Arial,sans-serif;\">Полный пакет</h4>\r\n                            <p>Настройка программного кода сайта, работа над дизайном и версткой с точки зрения повышения конверсии, анализ пользования сайтом и работа над инфографикой сайта, консультации и координация действий с дизайнером и программистом, вывод сайта в топ поисковых систем по ключевым запросам, статистика, отчеты, корректировки и редизайн согласно карте пользования сайтом, ведение яндекс директ рекламы, настройка и выявление необходимых тригерров и повышение эффективности рекламы.</p>\r\n                            <p style=\"font-size: 35px;\r\ntext-align: center;\r\nfont-weight: 100;\r\nfont-family: Helvetica Neue,Helvetica,Arial,sans-serif;\">30 т.р./мес</p>\r\n                        </div>\r\n                    </div>\r\n                </div>\r\n            </div>\r\n\r\n        </div>\r\n    </div>\r\n\r\n</div> \r\n\r\n<div class=\"my_h2\" style=\"text-align: center;padding:40px 20px;font-size: 17px;text-transform: uppercase;color: #484848;font-weight: 100;\">Адаптивная верстка</div>    \r\n    <div class=\"container recomend\" style=\"width: 60%;padding: 2%;float: left;\">\r\n        <div class=\"row\" style=\"margin-bottom: 60px;\">            \r\n            <div class=\"span4 section section2\" style=\"overflow: hidden;margin-bottom: 20px;\">\r\n                <div class=\"row\">                    \r\n                    <div class=\"span1\">\r\n                        <img src=\"https://proxy.imgsmail.ru/?h=n4kfQSbZVQ_h15DbpUKlNA&amp;e=1394564697&amp;url717=bodyday.ru/static/themeBodyDay/images/ok.png\" alt=\"\" style=\"float: left;width: 50px;margin-right: 10px;\">\r\n                    </div>\r\n                    <div class=\"my_h2\" style=\"font-size: 20px;\">Сокращение времени разработки</div>\r\n                    <div class=\"span3\">\r\n                        <p>Верстка сайта согласно адаптивной технологии по принципу фиксированного позиционирования эллементов страницы позволяет сократить время верстки, минимум, на 40%. При этом на всех вариантах разрешений экранов и на мобильных телефонах редактируется отображение эллементов страницы.</p>\r\n                    </div>\r\n                </div>\r\n            </div>\r\n            <div class=\"span4 section\" style=\"overflow: hidden;margin-bottom: 20px;\">\r\n                <div class=\"row\">                    \r\n                    <div class=\"span1\">\r\n                        <img src=\"https://proxy.imgsmail.ru/?h=n4kfQSbZVQ_h15DbpUKlNA&amp;e=1394564697&amp;url717=bodyday.ru/static/themeBodyDay/images/ok.png\" alt=\"\" style=\"float: left;width: 50px;margin-right: 10px;\">\r\n                    </div>\r\n                    <div class=\"my_h2\" style=\"font-size: 20px;\">Использование готовых технологий</div>\r\n                    <div class=\"span3\">\r\n                        <p>Для качественной и быстрой разработки сайта годного для использования на любых устройствах целесообразно применение фреймворка, позволяющего более качественно решать задачи верстки сайта и применять широкое количество готовых решений.</p>\r\n                    </div>\r\n                </div>\r\n            </div>\r\n            <div class=\"span4 section\" style=\"overflow: hidden;margin-bottom: 20px;\">\r\n                <div class=\"row\">                    \r\n                    <div class=\"span1\">\r\n                        <img src=\"https://proxy.imgsmail.ru/?h=n4kfQSbZVQ_h15DbpUKlNA&amp;e=1394564697&amp;url717=bodyday.ru/static/themeBodyDay/images/ok.png\" alt=\"\" style=\"float: left;width: 50px;margin-right: 10px;\">\r\n                    </div>\r\n                    <div class=\"my_h2\" style=\"font-size: 20px;\">Преимущества относительно \"резиновой\" верстки</div>\r\n                    <div class=\"span3\">\r\n                        <p>В отличие от сайтов с резиновым макетом, сайты с фиксированной шириной не меняются в зависимости от разрешения. Такие сайты являются более «чёткими», но самая главная их проблема в том, что на широких мониторах образуется много свободного пространства, что затрудняет работу с сайтом.</p>\r\n                    </div>\r\n                </div>\r\n            </div>\r\n        </div>\r\n    </div>\r\n\r\n<div>\r\n    <div style=\"width: 32%;padding: 2%;margin-top: 25px;float: left;background: #e7e8e3;border-radius: 10px;border: 1px solid #D7D7D7;\">\r\n        <div style=\"overflow: hidden;padding: 10px 0px;\">\r\n            <p style=\"float: left;width: 60%;margin: 0;\">Верстка сайта с учетом всех основных эллементов концепции сайта (до 15 уникальных страниц)</p>\r\n            <div style=\"text-align: right;padding: 10px;\"><a style=\"padding: 10px 20px;background: #25C683;color: #fff;border-radius: 3px;text-decoration: none;\" name=\"\">60 т.р.</a></div>\r\n        </div>\r\n    </div>\r\n    <div style=\"width: 32%;padding: 2%;margin-top: 25px;float: left;background: #e7e8e3;border-radius: 10px;border: 1px solid #D7D7D7;\">\r\n        <div style=\"overflow: hidden;padding: 10px 0px;\">\r\n            <p style=\"float: left;width: 60%;margin: 0;\">Верстка дополнительных страниц согласно концепции</p>\r\n            <div style=\"text-align: right;padding: 10px;\"><a name=\"\" style=\"padding: 10px 10px;\r\nbackground: #25C683;\r\ncolor: #fff;\r\nborder-radius: 3px;\r\ntext-decoration: none;\">1000 р./стр.</a></div>\r\n        </div>\r\n    </div>\r\n    <div style=\"width: 32%;padding: 2%;margin-top: 25px;float: left;background: #e7e8e3;border-radius: 10px;border: 1px solid #D7D7D7;\">\r\n        <div style=\"overflow: hidden;padding: 10px 0px;\">\r\n            <p style=\"float: left;width: 60%;margin: 0;\">Верстка дополнительных эллементов концепции</p>\r\n            <div style=\"text-align: right;padding: 10px;\"><a name=\"\" style=\"padding: 10px 10px;\r\nbackground: #25C683;\r\ncolor: #fff;\r\nborder-radius: 3px;\r\ntext-decoration: none;\">500 р./эл.</a></div>\r\n        </div>        \r\n    </div>  \r\n</div>\r\n\r\n    <div class=\"footer\">\r\n        <div class=\"container\">\r\n            <div class=\"row\">\r\n                <div class=\"span12\">\r\n                    <div class=\"row\">\r\n                        <div class=\"span9\">\r\n                        </div>\r\n                        <div class=\"span3\">\r\n                            <a href=\"http://forward70.ru\" target=\"_blank\">Создание сайтов Forward</a>\r\n                        </div>\r\n                    </div>\r\n                </div>\r\n            </div>\r\n        </div>\r\n    </div>\r\n\r\n</div>', 'ooosan2014@mail.ru');
COMMIT;

-- ----------------------------
--  Table structure for `south_migrationhistory`
-- ----------------------------
DROP TABLE IF EXISTS `south_migrationhistory`;
CREATE TABLE `south_migrationhistory` (
  `id` int(11) NOT NULL AUTO_INCREMENT,
  `app_name` varchar(255) COLLATE utf8_unicode_ci NOT NULL,
  `migration` varchar(255) COLLATE utf8_unicode_ci NOT NULL,
  `applied` datetime NOT NULL,
  PRIMARY KEY (`id`)
) ENGINE=InnoDB AUTO_INCREMENT=14 DEFAULT CHARSET=utf8 COLLATE=utf8_unicode_ci;

-- ----------------------------
--  Records of `south_migrationhistory`
-- ----------------------------
BEGIN;
INSERT INTO `south_migrationhistory` VALUES ('1', 'specialist', '0001_initial', '2013-12-06 12:43:29'), ('9', 'specialist', '0002_auto__add_field_expert_whois_choice', '2014-02-06 14:16:24'), ('10', 'specialist', '0003_auto__chg_field_expert_whois_choice', '2014-02-06 18:09:22'), ('11', 'specialist', '0004_auto__del_field_expert_whois_choice__add_field_expert_prof_choice', '2014-02-06 18:24:40'), ('12', 'mail', '0001_initial', '2014-03-04 08:01:43'), ('13', 'mail', '0002_auto__add_field_mail_to', '2014-03-04 08:01:44');
COMMIT;

-- ----------------------------
--  Table structure for `specialist_expert`
-- ----------------------------
DROP TABLE IF EXISTS `specialist_expert`;
CREATE TABLE `specialist_expert` (
  `id` int(11) NOT NULL AUTO_INCREMENT,
  `title` varchar(255) COLLATE utf8_unicode_ci NOT NULL,
  `datetime` datetime NOT NULL,
  `content` longtext COLLATE utf8_unicode_ci NOT NULL,
  `image` varchar(100) COLLATE utf8_unicode_ci NOT NULL,
  `prof_choice` varchar(10) COLLATE utf8_unicode_ci NOT NULL,
  PRIMARY KEY (`id`)
) ENGINE=InnoDB AUTO_INCREMENT=6 DEFAULT CHARSET=utf8 COLLATE=utf8_unicode_ci ROW_FORMAT=COMPACT;

-- ----------------------------
--  Records of `specialist_expert`
-- ----------------------------
BEGIN;
INSERT INTO `specialist_expert` VALUES ('1', 'Семенов Игорь Викторович', '2013-12-04 21:18:10', '<p><span style=\"color: rgb(0, 0, 0); font-family: Helvetica; font-size: 12px; line-height: normal;\"><strong>Образование</strong> : &nbsp;Московское &nbsp;медицинское училище № 1. Массажист.</span><br />\r\n<span style=\"color: rgb(0, 0, 0); font-family: Helvetica; font-size: 12px; line-height: normal;\">Прошел полный курс спортивного массажа в Российском Государственном институте физической культуры.</span><br style=\"color: rgb(0, 0, 0); font-family: Helvetica; font-size: 12px; line-height: normal;\" />\r\n<span style=\"color: rgb(0, 0, 0); font-family: Helvetica; font-size: 12px; line-height: normal;\">Окончил курсы по антицеллюлитной программе и коррекции фигуры.</span><br style=\"color: rgb(0, 0, 0); font-family: Helvetica; font-size: 12px; line-height: normal;\" />\r\n<span style=\"color: rgb(0, 0, 0); font-family: Helvetica; font-size: 12px; line-height: normal;\">Специалист по спортивному массажу и коррекции фигуры&nbsp;</span><br style=\"color: rgb(0, 0, 0); font-family: Helvetica; font-size: 12px; line-height: normal;\" />\r\n<span style=\"color: rgb(0, 0, 0); font-family: Helvetica; font-size: 12px; line-height: normal;\"><strong>Массажи</strong>: Общий классический; спортивный; антицеллюлитный; баночный; медовый; SPA-обертывания на косметике STYX .</span><br style=\"color: rgb(0, 0, 0); font-family: Helvetica; font-size: 12px; line-height: normal;\" />\r\n<u><span style=\"color: rgb(0, 0, 0); font-family: Helvetica; font-size: 12px; line-height: normal;\">Практика с 2005г.&nbsp;</span></u></p>\r\n\r\n<p><img alt=\"\" src=\"/static/uploads/2013/12/18/2.jpg\" style=\"width: 600px; height: 223px;\" /></p>\r\n\r\n<p><img alt=\"\" src=\"/static/uploads/2013/12/18/4.jpg\" style=\"width: 600px; height: 424px;\" /></p>\r\n\r\n<p><img alt=\"\" src=\"/static/uploads/2013/12/18/5.jpg\" style=\"width: 600px; height: 847px;\" /></p>\r\n\r\n<p><img alt=\"\" src=\"/static/uploads/2013/12/18/6.jpg\" style=\"width: 600px; height: 424px;\" /></p>\r\n\r\n<p><img alt=\"\" src=\"/static/uploads/2013/12/18/Scan001.jpg\" style=\"width: 600px; height: 415px;\" />​</p>\r\n', 'Expert_thumb/IMG_6419.jpg', 'massage'), ('3', 'Сергей Корябин', '2014-01-05 18:06:19', '<p><strong>О себе:&nbsp;</strong><span style=\"line-height: 1.6em;\">Массажист- мануальный терапевт,(имею дипломы,сертификаты) с мед образованием. Принимаю у себя дома и в салоне красоты в центре на Новокузнецкой 2 минуты от метро. Владею искусством классического массажа в полном объеме и секретом мануальной терапии. Имею не малый опыт и огромный успех.Работаю косметикой STYX Обертывание для похудения,антицеллюлитное абертывание,виски пеленания.Массаж моделирующий и релакс. Подробнее по телефону. Обращайтесь,не пожалеете! Звонить с 9 до 23час.Смотреть отзывы на сайте</span></p>\r\n', 'Expert_thumb/sergei2.jpg', 'massage'), ('4', 'Елена Николаевна Божко', '2013-12-17 21:37:11', '<p>Елена Николаевна Божко</p>\r\n\r\n<p>Массажист, остеопад,мануальный терапевт с медицинским образованием. Массаж лечебный моделирующий,массаж внутренних органов,массаж тайский классический, массаж антицеллюлитный,медовый, обертывание с природной косметикой &nbsp;STYX.</p>\r\n\r\n<p><img alt=\"\" src=\"/static/uploads/2014/01/06/foto5.JPG\" style=\"width: 800px; height: 600px; margin-top: 15px; margin-bottom: 15px;\" /><img alt=\"\" src=\"/static/uploads/2014/01/06/foto2.JPG\" style=\"width: 800px; height: 600px;\" /><img alt=\"\" src=\"/static/uploads/2014/01/06/foto6.JPG\" style=\"width: 800px; height: 600px;\" /><img alt=\"\" src=\"/static/uploads/2014/01/06/foto1.JPG\" style=\"width: 600px; height: 800px;\" /><img alt=\"\" src=\"/static/uploads/2014/01/06/foto3.JPG\" style=\"width: 600px; height: 800px;\" /><img alt=\"\" src=\"/static/uploads/2014/01/06/foto4.JPG\" /></p>\r\n\r\n<p>&nbsp;</p>\r\n', 'Expert_thumb/foto.JPG', 'massage'), ('5', 'Евгения', '2014-01-05 18:08:23', '<p class=\"p1\">Евгения - массажист с медицинским образованием. Стаж работы более 15 лет в области:</p>\r\n\r\n<p class=\"p1\">- лечебно-классического массажа</p>\r\n\r\n<p class=\"p1\">- массажа лица (пластифицирующего)</p>\r\n\r\n<p class=\"p1\">- вакуумного массажа по зонам</p>\r\n\r\n<p class=\"p1\">- антицеллюлитного, лимфодренажного, медового, стоун-массажа</p>\r\n\r\n<p class=\"p1\">- общего классического, антистрессового массажа</p>\r\n\r\n<p class=\"p1\">- восстанавливающего спину и шею</p>\r\n\r\n<p class=\"p1\">- бразильская попа</p>\r\n\r\n<p class=\"p1\">- массажа живота</p>\r\n\r\n<p class=\"p1\">- индийского массажа головы</p>\r\n\r\n<p class=\"p1\">- детского массажа,&nbsp;</p>\r\n\r\n<p class=\"p1\">а также:</p>\r\n\r\n<p class=\"p1\">- уход за кожей груди и декольте</p>\r\n\r\n<p class=\"p1\">- &quot;БЮСТОПЛАСТИЯ&quot; (лифтинг и моделирование)</p>\r\n\r\n<p class=\"p1\">- обертывание медовое, шоколадное, грязевое</p>\r\n\r\n<p class=\"p1\">- кофейный пилинг</p>\r\n\r\n<p class=\"p1\">- обертывание косметикой STYX</p>\r\n\r\n<p class=\"p1\"><img alt=\"\" src=\"/static/uploads/2014/01/06/chbebech.jpg\" style=\"width: 384px; height: 640px; margin-top: 15px; margin-bottom: 15px;\" /></p>\r\n\r\n<p class=\"p1\"><img alt=\"\" src=\"/static/uploads/2014/01/06/ffjehbcj.jpg\" style=\"width: 768px; height: 1280px;\" /></p>\r\n', 'Expert_thumb/bdicjhbe.jpg', 'kasmetolog');
COMMIT;

SET FOREIGN_KEY_CHECKS = 1;
